id,name,geography_id
1,eastern interconnection,1
2,texas interconnection,1
3,western interconnection,1
4,alabama,2
5,alaska,2
6,arizona,2
7,arkansas,2
8,california,2
9,colorado,2
10,connecticut,2
11,delaware,2
12,district of columbia,2
13,florida,2
14,georgia,2
15,hawaii,2
16,idaho,2
17,illinois,2
18,indiana,2
19,iowa,2
20,kansas,2
21,kentucky,2
22,louisiana,2
23,maine,2
24,maryland,2
25,massachusetts,2
26,michigan,2
27,minnesota,2
28,mississippi,2
29,missouri,2
30,montana,2
31,nebraska,2
32,nevada,2
33,new hampshire,2
34,new jersey,2
35,new mexico,2
36,new york,2
37,north carolina,2
38,north dakota,2
39,ohio,2
40,oklahoma,2
41,oregon,2
42,pennsylvania,2
43,puerto rico,2
44,rhode island,2
45,south carolina,2
46,south dakota,2
47,tennessee,2
48,texas,2
49,utah,2
50,vermont,2
51,virginia,2
52,washington,2
53,west virginia,2
54,wisconsin,2
55,wyoming,2
56,new england,3
57,middle atlantic,3
58,east north central,3
59,west north central,3
60,south atlantic,3
61,east south central,3
62,west south central,3
63,mountain,3
64,pacific,3
65,us,4
66,northeast,5
67,midwest,5
68,south,5
69,west,5
71,east (o&g producing region),6
72,gulf coast (o&g producing region),6
73,mid-continent (o&g producing region),6
74,southwest (o&g producing region),6
75,rocky mountains (o&g producing region),6
76,west coast (o&g producing region),6
77,alaska (o&g producing region),6
78,PADD 3 (Gulf Coast),7
79,PADD 5 (West Coast),7
80,PADD 4 (Rocky Mountain),7
81,PADD 1 (East Coast),7
82,PADD 2 (Midwest),7
83,SRSO (SRSE),8
84,SRTV (SRCE),8
85,AKGD,8
86,AKMS,8
87,AZNM,8
88,NWPP,8
89,RMPA,8
90,CAMX,8
91,SPSO,8
92,SRMV (SRDA),8
93,NEWE,8
94,NYCW,8
95,RFCE,8
96,SRVC,8
97,FRCC,8
98,HIMS,8
99,HIOA,8
100,MROE,8
101,MROW,8
102,RFCW,8
103,SRMW (SRGW),8
104,SPNO,8
105,RFCM,8
106,NYUP,8
107,ERCT,8
108,NYLI,8
109,SERC_STV,9
110,MAPP,9
111,WSCC_CNV,9
112,WSCC_NWP,9
113,SPP,9
114,WSCC_RA,9
115,NPCC_NE,9
116,NYPCC_NY,9
117,MAAC,9
118,SERC_FL,9
119,MAIN,9
120,ECAR,9
121,ERCOT,9
122,America/Puerto_Rico,10
123,US/Alaska,10
124,US/Arizona,10
125,US/Central,10
126,US/Eastern,10
127,US/Hawaii,10
128,US/Mountain,10
129,US/Pacific,10
130,3A,13
131,2A,13
132,7B,13
133,8B,13
134,5B,13
135,3B,13
136,4B,13
137,2B,13
138,4A,13
139,3C,13
140,6B,13
141,4C,13
142,5A,13
143,1A,13
144,6A,13
145,7A,13
146,Portland General Electric,14
147,unspecified utility,14
148,Oregon outside of PGE,14
150,quebec (state),2
157,"quebec (county), quebec (state)",11
158,hydro quebec (egrid with wecc detail),12
159,Portland General Electric (egrid with wecc detail),12
160,hydro quebec,14
161,quebec 7A,15
162,us (north america),16
163,canada (north america),16
164,RFC egrid,14
165,PG&E (electric utility),14
166,SCE,14
167,SDG&E (electric utility),14
168,LADWP,14
169,SMUD,14
1891,Alabama 2A,15
1892,Alabama 3A,15
1893,Alaska 7B,15
1894,Alaska 8B,15
1895,Arizona 2B,15
1896,Arizona 3B,15
1897,Arizona 4B,15
1898,Arizona 5B,15
1899,Arkansas 3A,15
1900,Arkansas 4A,15
1901,California 2B,15
1902,California 3B,15
1903,California 3C,15
1904,California 4B,15
1905,California 4C,15
1906,California 5B,15
1907,California 6B,15
1908,Colorado 4B,15
1909,Colorado 5B,15
1910,Colorado 6B,15
1911,Colorado 7B,15
1912,Connecticut 5A,15
1913,Delaware 4A,15
1914,District of Columbia 4A,15
1915,Florida 1A,15
1916,Florida 2A,15
1917,Georgia 2A,15
1918,Georgia 3A,15
1919,Georgia 4A,15
1920,Hawaii 1A,15
1921,Idaho 5B,15
1922,Idaho 6B,15
1923,Illinois 4A,15
1924,Illinois 5A,15
1925,Indiana 4A,15
1926,Indiana 5A,15
1927,Iowa 5A,15
1928,Iowa 6A,15
1929,Kansas 4A,15
1930,Kansas 5A,15
1931,Kentucky 4A,15
1932,Louisiana 2A,15
1933,Louisiana 3A,15
1934,Maine 6A,15
1935,Maine 7A,15
1936,Maryland 4A,15
1937,Maryland 5A,15
1938,Massachusetts 5A,15
1939,Michigan 5A,15
1940,Michigan 6A,15
1941,Michigan 7A,15
1942,Minnesota 6A,15
1943,Minnesota 7A,15
1944,Mississippi 2A,15
1945,Mississippi 3A,15
1946,Missouri 4A,15
1947,Missouri 5A,15
1948,Montana 6B,15
1949,Nebraska 5A,15
1950,Nevada 3B,15
1951,Nevada 5B,15
1952,New Hampshire 5A,15
1953,New Hampshire 6A,15
1954,New Jersey 4A,15
1955,New Jersey 5A,15
1956,New Mexico 3B,15
1957,New Mexico 4B,15
1958,New Mexico 5B,15
1959,New York 4A,15
1960,New York 5A,15
1961,New York 6A,15
1962,North Carolina 3A,15
1963,North Carolina 4A,15
1964,North Carolina 5A,15
1965,North Dakota 6A,15
1966,North Dakota 7A,15
1967,Ohio 4A,15
1968,Ohio 5A,15
1969,Oklahoma 3A,15
1970,Oklahoma 4B,15
1971,Oregon 4C,15
1972,Oregon 5B,15
1973,Pennsylvania 4A,15
1974,Pennsylvania 5A,15
1975,Pennsylvania 6A,15
1976,Puerto Rico 1A,15
1977,Rhode Island 5A,15
1978,South Carolina 3A,15
1979,South Dakota 5A,15
1980,South Dakota 6A,15
1981,Tennessee 3A,15
1982,Tennessee 4A,15
1983,Texas 2A,15
1984,Texas 2B,15
1985,Texas 3A,15
1986,Texas 3B,15
1987,Texas 4A,15
1988,Texas 4B,15
1989,Utah 3B,15
1990,Utah 5B,15
1991,Utah 6B,15
1992,Vermont 6A,15
1993,Virginia 4A,15
1994,Washington 4C,15
1995,Washington 5B,15
1996,Washington 6B,15
1997,West Virginia 4A,15
1998,West Virginia 5A,15
1999,Wisconsin 6A,15
2000,Wisconsin 7A,15
2001,Wyoming 5B,15
2002,Wyoming 6B,15
2003,Wyoming 7A,15
2004,AKGD (egrid with wecc detail),12
2005,AKMS (egrid with wecc detail),12
2006,AZ-NM-NV (egrid with wecc detail),12
2007,BASN (egrid with wecc detail),12
2008,CALN (egrid with wecc detail),12
2009,CALS (egrid with wecc detail),12
2010,ERCT (egrid with wecc detail),12
2011,FRCC (egrid with wecc detail),12
2012,HIMS (egrid with wecc detail),12
2013,HIOA (egrid with wecc detail),12
2014,MROE (egrid with wecc detail),12
2015,MROW (egrid with wecc detail),12
2016,NEWE (egrid with wecc detail),12
2017,NWPP (egrid with wecc detail),12
2018,NYCW (egrid with wecc detail),12
2019,NYLI (egrid with wecc detail),12
2020,NYUP (egrid with wecc detail),12
2021,RFCE (egrid with wecc detail),12
2022,RFCM (egrid with wecc detail),12
2023,RFCW (egrid with wecc detail),12
2024,RMPA (egrid with wecc detail),12
2025,SPNO (egrid with wecc detail),12
2026,SPSO (egrid with wecc detail),12
2027,SRMV (egrid with wecc detail),12
2028,SRMW (egrid with wecc detail),12
2029,SRSO (egrid with wecc detail),12
2030,SRTV (egrid with wecc detail),12
2031,SRVC (egrid with wecc detail),12
2032,"autauga, alabama",11
2033,"baldwin, alabama",11
2034,"barbour, alabama",11
2035,"bibb, alabama",11
2036,"blount, alabama",11
2037,"bullock, alabama",11
2038,"butler, alabama",11
2039,"calhoun, alabama",11
2040,"chambers, alabama",11
2041,"cherokee, alabama",11
2042,"chilton, alabama",11
2043,"choctaw, alabama",11
2044,"clarke, alabama",11
2045,"clay, alabama",11
2046,"cleburne, alabama",11
2047,"coffee, alabama",11
2048,"colbert, alabama",11
2049,"conecuh, alabama",11
2050,"coosa, alabama",11
2051,"covington, alabama",11
2052,"crenshaw, alabama",11
2053,"cullman, alabama",11
2054,"dale, alabama",11
2055,"dallas, alabama",11
2056,"dekalb, alabama",11
2057,"elmore, alabama",11
2058,"escambia, alabama",11
2059,"etowah, alabama",11
2060,"fayette, alabama",11
2061,"franklin, alabama",11
2062,"geneva, alabama",11
2063,"greene, alabama",11
2064,"hale, alabama",11
2065,"henry, alabama",11
2066,"houston, alabama",11
2067,"jackson, alabama",11
2068,"jefferson, alabama",11
2069,"lamar, alabama",11
2070,"lauderdale, alabama",11
2071,"lawrence, alabama",11
2072,"lee, alabama",11
2073,"limestone, alabama",11
2074,"lowndes, alabama",11
2075,"macon, alabama",11
2076,"madison, alabama",11
2077,"marengo, alabama",11
2078,"marion, alabama",11
2079,"marshall, alabama",11
2080,"mobile, alabama",11
2081,"monroe, alabama",11
2082,"montgomery, alabama",11
2083,"morgan, alabama",11
2084,"perry, alabama",11
2085,"pickens, alabama",11
2086,"pike, alabama",11
2087,"randolph, alabama",11
2088,"russell, alabama",11
2089,"shelby, alabama",11
2090,"st. clair, alabama",11
2091,"sumter, alabama",11
2092,"talladega, alabama",11
2093,"tallapoosa, alabama",11
2094,"tuscaloosa, alabama",11
2095,"walker, alabama",11
2096,"washington, alabama",11
2097,"wilcox, alabama",11
2098,"winston, alabama",11
2099,"aleutians east, alaska",11
2100,"aleutians west, alaska",11
2101,"anchorage, alaska",11
2102,"bethel, alaska",11
2103,"bristol bay, alaska",11
2104,"denali, alaska",11
2105,"dillingham, alaska",11
2106,"fairbanks north star, alaska",11
2107,"haines, alaska",11
2108,"hoonah-angoon, alaska",11
2109,"juneau, alaska",11
2110,"kenai peninsula, alaska",11
2111,"ketchikan gateway, alaska",11
2112,"kodiak island, alaska",11
2113,"lake and peninsula, alaska",11
2114,"matanuska-susitna, alaska",11
2115,"nome, alaska",11
2116,"north slope, alaska",11
2117,"northwest arctic, alaska",11
2118,"petersburg, alaska",11
2119,"prince of wales-hyder, alaska",11
2120,"sitka, alaska",11
2121,"skagway, alaska",11
2122,"southeast fairbanks, alaska",11
2123,"valdez-cordova, alaska",11
2124,"wade hampton, alaska",11
2125,"wrangell, alaska",11
2126,"yakutat, alaska",11
2127,"yukon-koyukuk, alaska",11
2128,"apache, arizona",11
2129,"cochise, arizona",11
2130,"coconino, arizona",11
2131,"gila, arizona",11
2132,"graham, arizona",11
2133,"greenlee, arizona",11
2134,"la paz, arizona",11
2135,"maricopa, arizona",11
2136,"mohave, arizona",11
2137,"navajo, arizona",11
2138,"pima, arizona",11
2139,"pinal, arizona",11
2140,"santa cruz, arizona",11
2141,"yavapai, arizona",11
2142,"yuma, arizona",11
2143,"arkansas, arkansas",11
2144,"ashley, arkansas",11
2145,"baxter, arkansas",11
2146,"benton, arkansas",11
2147,"boone, arkansas",11
2148,"bradley, arkansas",11
2149,"calhoun, arkansas",11
2150,"carroll, arkansas",11
2151,"chicot, arkansas",11
2152,"clark, arkansas",11
2153,"clay, arkansas",11
2154,"cleburne, arkansas",11
2155,"cleveland, arkansas",11
2156,"columbia, arkansas",11
2157,"conway, arkansas",11
2158,"craighead, arkansas",11
2159,"crawford, arkansas",11
2160,"crittenden, arkansas",11
2161,"cross, arkansas",11
2162,"dallas, arkansas",11
2163,"desha, arkansas",11
2164,"drew, arkansas",11
2165,"faulkner, arkansas",11
2166,"franklin, arkansas",11
2167,"fulton, arkansas",11
2168,"garland, arkansas",11
2169,"grant, arkansas",11
2170,"greene, arkansas",11
2171,"hempstead, arkansas",11
2172,"hot spring, arkansas",11
2173,"howard, arkansas",11
2174,"independence, arkansas",11
2175,"izard, arkansas",11
2176,"jackson, arkansas",11
2177,"jefferson, arkansas",11
2178,"johnson, arkansas",11
2179,"lafayette, arkansas",11
2180,"lawrence, arkansas",11
2181,"lee, arkansas",11
2182,"lincoln, arkansas",11
2183,"little river, arkansas",11
2184,"logan, arkansas",11
2185,"lonoke, arkansas",11
2186,"madison, arkansas",11
2187,"marion, arkansas",11
2188,"miller, arkansas",11
2189,"mississippi, arkansas",11
2190,"monroe, arkansas",11
2191,"montgomery, arkansas",11
2192,"nevada, arkansas",11
2193,"newton, arkansas",11
2194,"ouachita, arkansas",11
2195,"perry, arkansas",11
2196,"phillips, arkansas",11
2197,"pike, arkansas",11
2198,"poinsett, arkansas",11
2199,"polk, arkansas",11
2200,"pope, arkansas",11
2201,"prairie, arkansas",11
2202,"pulaski, arkansas",11
2203,"randolph, arkansas",11
2204,"saline, arkansas",11
2205,"scott, arkansas",11
2206,"searcy, arkansas",11
2207,"sebastian, arkansas",11
2208,"sevier, arkansas",11
2209,"sharp, arkansas",11
2210,"st. francis, arkansas",11
2211,"stone, arkansas",11
2212,"union, arkansas",11
2213,"van buren, arkansas",11
2214,"washington, arkansas",11
2215,"white, arkansas",11
2216,"woodruff, arkansas",11
2217,"yell, arkansas",11
2218,"alameda, california",11
2219,"alpine, california",11
2220,"amador, california",11
2221,"butte, california",11
2222,"calaveras, california",11
2223,"colusa, california",11
2224,"contra costa, california",11
2225,"del norte, california",11
2226,"el dorado, california",11
2227,"fresno, california",11
2228,"glenn, california",11
2229,"humboldt, california",11
2230,"imperial, california",11
2231,"inyo, california",11
2232,"kern, california",11
2233,"kings, california",11
2234,"lake, california",11
2235,"lassen, california",11
2236,"los angeles, california",11
2237,"madera, california",11
2238,"marin, california",11
2239,"mariposa, california",11
2240,"mendocino, california",11
2241,"merced, california",11
2242,"modoc, california",11
2243,"mono, california",11
2244,"monterey, california",11
2245,"napa, california",11
2246,"nevada, california",11
2247,"orange, california",11
2248,"placer, california",11
2249,"plumas, california",11
2250,"riverside, california",11
2251,"sacramento, california",11
2252,"san benito, california",11
2253,"san bernardino, california",11
2254,"san diego, california",11
2255,"san francisco, california",11
2256,"san joaquin, california",11
2257,"san luis obispo, california",11
2258,"san mateo, california",11
2259,"santa barbara, california",11
2260,"santa clara, california",11
2261,"santa cruz, california",11
2262,"shasta, california",11
2263,"sierra, california",11
2264,"siskiyou, california",11
2265,"solano, california",11
2266,"sonoma, california",11
2267,"stanislaus, california",11
2268,"sutter, california",11
2269,"tehama, california",11
2270,"trinity, california",11
2271,"tulare, california",11
2272,"tuolumne, california",11
2273,"ventura, california",11
2274,"yolo, california",11
2275,"yuba, california",11
2276,"adams, colorado",11
2277,"alamosa, colorado",11
2278,"arapahoe, colorado",11
2279,"archuleta, colorado",11
2280,"baca, colorado",11
2281,"bent, colorado",11
2282,"boulder, colorado",11
2283,"broomfield, colorado",11
2284,"chaffee, colorado",11
2285,"cheyenne, colorado",11
2286,"clear creek, colorado",11
2287,"conejos, colorado",11
2288,"costilla, colorado",11
2289,"crowley, colorado",11
2290,"custer, colorado",11
2291,"delta, colorado",11
2292,"denver, colorado",11
2293,"dolores, colorado",11
2294,"douglas, colorado",11
2295,"eagle, colorado",11
2296,"el paso, colorado",11
2297,"elbert, colorado",11
2298,"fremont, colorado",11
2299,"garfield, colorado",11
2300,"gilpin, colorado",11
2301,"grand, colorado",11
2302,"gunnison, colorado",11
2303,"hinsdale, colorado",11
2304,"huerfano, colorado",11
2305,"jackson, colorado",11
2306,"jefferson, colorado",11
2307,"kiowa, colorado",11
2308,"kit carson, colorado",11
2309,"la plata, colorado",11
2310,"lake, colorado",11
2311,"larimer, colorado",11
2312,"las animas, colorado",11
2313,"lincoln, colorado",11
2314,"logan, colorado",11
2315,"mesa, colorado",11
2316,"mineral, colorado",11
2317,"moffat, colorado",11
2318,"montezuma, colorado",11
2319,"montrose, colorado",11
2320,"morgan, colorado",11
2321,"otero, colorado",11
2322,"ouray, colorado",11
2323,"park, colorado",11
2324,"phillips, colorado",11
2325,"pitkin, colorado",11
2326,"prowers, colorado",11
2327,"pueblo, colorado",11
2328,"rio blanco, colorado",11
2329,"rio grande, colorado",11
2330,"routt, colorado",11
2331,"saguache, colorado",11
2332,"san juan, colorado",11
2333,"san miguel, colorado",11
2334,"sedgwick, colorado",11
2335,"summit, colorado",11
2336,"teller, colorado",11
2337,"washington, colorado",11
2338,"weld, colorado",11
2339,"yuma, colorado",11
2340,"fairfield, connecticut",11
2341,"hartford, connecticut",11
2342,"litchfield, connecticut",11
2343,"middlesex, connecticut",11
2344,"new haven, connecticut",11
2345,"new london, connecticut",11
2346,"tolland, connecticut",11
2347,"windham, connecticut",11
2348,"kent, delaware",11
2349,"new castle, delaware",11
2350,"sussex, delaware",11
2351,"district of columbia, district of columbia",11
2352,"alachua, florida",11
2353,"baker, florida",11
2354,"bay, florida",11
2355,"bradford, florida",11
2356,"brevard, florida",11
2357,"broward, florida",11
2358,"calhoun, florida",11
2359,"charlotte, florida",11
2360,"citrus, florida",11
2361,"clay, florida",11
2362,"collier, florida",11
2363,"columbia, florida",11
2364,"desoto, florida",11
2365,"dixie, florida",11
2366,"duval, florida",11
2367,"escambia, florida",11
2368,"flagler, florida",11
2369,"franklin, florida",11
2370,"gadsden, florida",11
2371,"gilchrist, florida",11
2372,"glades, florida",11
2373,"gulf, florida",11
2374,"hamilton, florida",11
2375,"hardee, florida",11
2376,"hendry, florida",11
2377,"hernando, florida",11
2378,"highlands, florida",11
2379,"hillsborough, florida",11
2380,"holmes, florida",11
2381,"indian river, florida",11
2382,"jackson, florida",11
2383,"jefferson, florida",11
2384,"lafayette, florida",11
2385,"lake, florida",11
2386,"lee, florida",11
2387,"leon, florida",11
2388,"levy, florida",11
2389,"liberty, florida",11
2390,"madison, florida",11
2391,"manatee, florida",11
2392,"marion, florida",11
2393,"martin, florida",11
2394,"miami-dade, florida",11
2395,"monroe, florida",11
2396,"nassau, florida",11
2397,"okaloosa, florida",11
2398,"okeechobee, florida",11
2399,"orange, florida",11
2400,"osceola, florida",11
2401,"palm beach, florida",11
2402,"pasco, florida",11
2403,"pinellas, florida",11
2404,"polk, florida",11
2405,"putnam, florida",11
2406,"santa rosa, florida",11
2407,"sarasota, florida",11
2408,"seminole, florida",11
2409,"st. johns, florida",11
2410,"st. lucie, florida",11
2411,"sumter, florida",11
2412,"suwannee, florida",11
2413,"taylor, florida",11
2414,"union, florida",11
2415,"volusia, florida",11
2416,"wakulla, florida",11
2417,"walton, florida",11
2418,"washington, florida",11
2419,"appling, georgia",11
2420,"atkinson, georgia",11
2421,"bacon, georgia",11
2422,"baker, georgia",11
2423,"baldwin, georgia",11
2424,"banks, georgia",11
2425,"barrow, georgia",11
2426,"bartow, georgia",11
2427,"ben hill, georgia",11
2428,"berrien, georgia",11
2429,"bibb, georgia",11
2430,"bleckley, georgia",11
2431,"brantley, georgia",11
2432,"brooks, georgia",11
2433,"bryan, georgia",11
2434,"bulloch, georgia",11
2435,"burke, georgia",11
2436,"butts, georgia",11
2437,"calhoun, georgia",11
2438,"camden, georgia",11
2439,"candler, georgia",11
2440,"carroll, georgia",11
2441,"catoosa, georgia",11
2442,"charlton, georgia",11
2443,"chatham, georgia",11
2444,"chattahoochee, georgia",11
2445,"chattooga, georgia",11
2446,"cherokee, georgia",11
2447,"clarke, georgia",11
2448,"clay, georgia",11
2449,"clayton, georgia",11
2450,"clinch, georgia",11
2451,"cobb, georgia",11
2452,"coffee, georgia",11
2453,"colquitt, georgia",11
2454,"columbia, georgia",11
2455,"cook, georgia",11
2456,"coweta, georgia",11
2457,"crawford, georgia",11
2458,"crisp, georgia",11
2459,"dade, georgia",11
2460,"dawson, georgia",11
2461,"decatur, georgia",11
2462,"dekalb, georgia",11
2463,"dodge, georgia",11
2464,"dooly, georgia",11
2465,"dougherty, georgia",11
2466,"douglas, georgia",11
2467,"early, georgia",11
2468,"echols, georgia",11
2469,"effingham, georgia",11
2470,"elbert, georgia",11
2471,"emanuel, georgia",11
2472,"evans, georgia",11
2473,"fannin, georgia",11
2474,"fayette, georgia",11
2475,"floyd, georgia",11
2476,"forsyth, georgia",11
2477,"franklin, georgia",11
2478,"fulton, georgia",11
2479,"gilmer, georgia",11
2480,"glascock, georgia",11
2481,"glynn, georgia",11
2482,"gordon, georgia",11
2483,"grady, georgia",11
2484,"greene, georgia",11
2485,"gwinnett, georgia",11
2486,"habersham, georgia",11
2487,"hall, georgia",11
2488,"hancock, georgia",11
2489,"haralson, georgia",11
2490,"harris, georgia",11
2491,"hart, georgia",11
2492,"heard, georgia",11
2493,"henry, georgia",11
2494,"houston, georgia",11
2495,"irwin, georgia",11
2496,"jackson, georgia",11
2497,"jasper, georgia",11
2498,"jeff davis, georgia",11
2499,"jefferson, georgia",11
2500,"jenkins, georgia",11
2501,"johnson, georgia",11
2502,"jones, georgia",11
2503,"lamar, georgia",11
2504,"lanier, georgia",11
2505,"laurens, georgia",11
2506,"lee, georgia",11
2507,"liberty, georgia",11
2508,"lincoln, georgia",11
2509,"long, georgia",11
2510,"lowndes, georgia",11
2511,"lumpkin, georgia",11
2512,"macon, georgia",11
2513,"madison, georgia",11
2514,"marion, georgia",11
2515,"mcduffie, georgia",11
2516,"mcintosh, georgia",11
2517,"meriwether, georgia",11
2518,"miller, georgia",11
2519,"mitchell, georgia",11
2520,"monroe, georgia",11
2521,"montgomery, georgia",11
2522,"morgan, georgia",11
2523,"murray, georgia",11
2524,"muscogee, georgia",11
2525,"newton, georgia",11
2526,"oconee, georgia",11
2527,"oglethorpe, georgia",11
2528,"paulding, georgia",11
2529,"peach, georgia",11
2530,"pickens, georgia",11
2531,"pierce, georgia",11
2532,"pike, georgia",11
2533,"polk, georgia",11
2534,"pulaski, georgia",11
2535,"putnam, georgia",11
2536,"quitman, georgia",11
2537,"rabun, georgia",11
2538,"randolph, georgia",11
2539,"richmond, georgia",11
2540,"rockdale, georgia",11
2541,"schley, georgia",11
2542,"screven, georgia",11
2543,"seminole, georgia",11
2544,"spalding, georgia",11
2545,"stephens, georgia",11
2546,"stewart, georgia",11
2547,"sumter, georgia",11
2548,"talbot, georgia",11
2549,"taliaferro, georgia",11
2550,"tattnall, georgia",11
2551,"taylor, georgia",11
2552,"telfair, georgia",11
2553,"terrell, georgia",11
2554,"thomas, georgia",11
2555,"tift, georgia",11
2556,"toombs, georgia",11
2557,"towns, georgia",11
2558,"treutlen, georgia",11
2559,"troup, georgia",11
2560,"turner, georgia",11
2561,"twiggs, georgia",11
2562,"union, georgia",11
2563,"upson, georgia",11
2564,"walker, georgia",11
2565,"walton, georgia",11
2566,"ware, georgia",11
2567,"warren, georgia",11
2568,"washington, georgia",11
2569,"wayne, georgia",11
2570,"webster, georgia",11
2571,"wheeler, georgia",11
2572,"white, georgia",11
2573,"whitfield, georgia",11
2574,"wilcox, georgia",11
2575,"wilkes, georgia",11
2576,"wilkinson, georgia",11
2577,"worth, georgia",11
2578,"hawaii, hawaii",11
2579,"honolulu, hawaii",11
2580,"kalawao, hawaii",11
2581,"kauai, hawaii",11
2582,"maui, hawaii",11
2583,"ada, idaho",11
2584,"adams, idaho",11
2585,"bannock, idaho",11
2586,"bear lake, idaho",11
2587,"benewah, idaho",11
2588,"bingham, idaho",11
2589,"blaine, idaho",11
2590,"boise, idaho",11
2591,"bonner, idaho",11
2592,"bonneville, idaho",11
2593,"boundary, idaho",11
2594,"butte, idaho",11
2595,"camas, idaho",11
2596,"canyon, idaho",11
2597,"caribou, idaho",11
2598,"cassia, idaho",11
2599,"clark, idaho",11
2600,"clearwater, idaho",11
2601,"custer, idaho",11
2602,"elmore, idaho",11
2603,"franklin, idaho",11
2604,"fremont, idaho",11
2605,"gem, idaho",11
2606,"gooding, idaho",11
2607,"idaho, idaho",11
2608,"jefferson, idaho",11
2609,"jerome, idaho",11
2610,"kootenai, idaho",11
2611,"latah, idaho",11
2612,"lemhi, idaho",11
2613,"lewis, idaho",11
2614,"lincoln, idaho",11
2615,"madison, idaho",11
2616,"minidoka, idaho",11
2617,"nez perce, idaho",11
2618,"oneida, idaho",11
2619,"owyhee, idaho",11
2620,"payette, idaho",11
2621,"power, idaho",11
2622,"shoshone, idaho",11
2623,"teton, idaho",11
2624,"twin falls, idaho",11
2625,"valley, idaho",11
2626,"washington, idaho",11
2627,"adams, illinois",11
2628,"alexander, illinois",11
2629,"bond, illinois",11
2630,"boone, illinois",11
2631,"brown, illinois",11
2632,"bureau, illinois",11
2633,"calhoun, illinois",11
2634,"carroll, illinois",11
2635,"cass, illinois",11
2636,"champaign, illinois",11
2637,"christian, illinois",11
2638,"clark, illinois",11
2639,"clay, illinois",11
2640,"clinton, illinois",11
2641,"coles, illinois",11
2642,"cook, illinois",11
2643,"crawford, illinois",11
2644,"cumberland, illinois",11
2645,"de witt, illinois",11
2646,"dekalb, illinois",11
2647,"douglas, illinois",11
2648,"dupage, illinois",11
2649,"edgar, illinois",11
2650,"edwards, illinois",11
2651,"effingham, illinois",11
2652,"fayette, illinois",11
2653,"ford, illinois",11
2654,"franklin, illinois",11
2655,"fulton, illinois",11
2656,"gallatin, illinois",11
2657,"greene, illinois",11
2658,"grundy, illinois",11
2659,"hamilton, illinois",11
2660,"hancock, illinois",11
2661,"hardin, illinois",11
2662,"henderson, illinois",11
2663,"henry, illinois",11
2664,"iroquois, illinois",11
2665,"jackson, illinois",11
2666,"jasper, illinois",11
2667,"jefferson, illinois",11
2668,"jersey, illinois",11
2669,"jo daviess, illinois",11
2670,"johnson, illinois",11
2671,"kane, illinois",11
2672,"kankakee, illinois",11
2673,"kendall, illinois",11
2674,"knox, illinois",11
2675,"lake, illinois",11
2676,"lasalle, illinois",11
2677,"lawrence, illinois",11
2678,"lee, illinois",11
2679,"livingston, illinois",11
2680,"logan, illinois",11
2681,"macon, illinois",11
2682,"macoupin, illinois",11
2683,"madison, illinois",11
2684,"marion, illinois",11
2685,"marshall, illinois",11
2686,"mason, illinois",11
2687,"massac, illinois",11
2688,"mcdonough, illinois",11
2689,"mchenry, illinois",11
2690,"mclean, illinois",11
2691,"menard, illinois",11
2692,"mercer, illinois",11
2693,"monroe, illinois",11
2694,"montgomery, illinois",11
2695,"morgan, illinois",11
2696,"moultrie, illinois",11
2697,"ogle, illinois",11
2698,"peoria, illinois",11
2699,"perry, illinois",11
2700,"piatt, illinois",11
2701,"pike, illinois",11
2702,"pope, illinois",11
2703,"pulaski, illinois",11
2704,"putnam, illinois",11
2705,"randolph, illinois",11
2706,"richland, illinois",11
2707,"rock island, illinois",11
2708,"saline, illinois",11
2709,"sangamon, illinois",11
2710,"schuyler, illinois",11
2711,"scott, illinois",11
2712,"shelby, illinois",11
2713,"st. clair, illinois",11
2714,"stark, illinois",11
2715,"stephenson, illinois",11
2716,"tazewell, illinois",11
2717,"union, illinois",11
2718,"vermilion, illinois",11
2719,"wabash, illinois",11
2720,"warren, illinois",11
2721,"washington, illinois",11
2722,"wayne, illinois",11
2723,"white, illinois",11
2724,"whiteside, illinois",11
2725,"will, illinois",11
2726,"williamson, illinois",11
2727,"winnebago, illinois",11
2728,"woodford, illinois",11
2729,"adams, indiana",11
2730,"allen, indiana",11
2731,"bartholomew, indiana",11
2732,"benton, indiana",11
2733,"blackford, indiana",11
2734,"boone, indiana",11
2735,"brown, indiana",11
2736,"carroll, indiana",11
2737,"cass, indiana",11
2738,"clark, indiana",11
2739,"clay, indiana",11
2740,"clinton, indiana",11
2741,"crawford, indiana",11
2742,"daviess, indiana",11
2743,"dearborn, indiana",11
2744,"decatur, indiana",11
2745,"dekalb, indiana",11
2746,"delaware, indiana",11
2747,"dubois, indiana",11
2748,"elkhart, indiana",11
2749,"fayette, indiana",11
2750,"floyd, indiana",11
2751,"fountain, indiana",11
2752,"franklin, indiana",11
2753,"fulton, indiana",11
2754,"gibson, indiana",11
2755,"grant, indiana",11
2756,"greene, indiana",11
2757,"hamilton, indiana",11
2758,"hancock, indiana",11
2759,"harrison, indiana",11
2760,"hendricks, indiana",11
2761,"henry, indiana",11
2762,"howard, indiana",11
2763,"huntington, indiana",11
2764,"jackson, indiana",11
2765,"jasper, indiana",11
2766,"jay, indiana",11
2767,"jefferson, indiana",11
2768,"jennings, indiana",11
2769,"johnson, indiana",11
2770,"knox, indiana",11
2771,"kosciusko, indiana",11
2772,"lagrange, indiana",11
2773,"lake, indiana",11
2774,"laporte, indiana",11
2775,"lawrence, indiana",11
2776,"madison, indiana",11
2777,"marion, indiana",11
2778,"marshall, indiana",11
2779,"martin, indiana",11
2780,"miami, indiana",11
2781,"monroe, indiana",11
2782,"montgomery, indiana",11
2783,"morgan, indiana",11
2784,"newton, indiana",11
2785,"noble, indiana",11
2786,"ohio, indiana",11
2787,"orange, indiana",11
2788,"owen, indiana",11
2789,"parke, indiana",11
2790,"perry, indiana",11
2791,"pike, indiana",11
2792,"porter, indiana",11
2793,"posey, indiana",11
2794,"pulaski, indiana",11
2795,"putnam, indiana",11
2796,"randolph, indiana",11
2797,"ripley, indiana",11
2798,"rush, indiana",11
2799,"scott, indiana",11
2800,"shelby, indiana",11
2801,"spencer, indiana",11
2802,"st. joseph, indiana",11
2803,"starke, indiana",11
2804,"steuben, indiana",11
2805,"sullivan, indiana",11
2806,"switzerland, indiana",11
2807,"tippecanoe, indiana",11
2808,"tipton, indiana",11
2809,"union, indiana",11
2810,"vanderburgh, indiana",11
2811,"vermillion, indiana",11
2812,"vigo, indiana",11
2813,"wabash, indiana",11
2814,"warren, indiana",11
2815,"warrick, indiana",11
2816,"washington, indiana",11
2817,"wayne, indiana",11
2818,"wells, indiana",11
2819,"white, indiana",11
2820,"whitley, indiana",11
2821,"adair, iowa",11
2822,"adams, iowa",11
2823,"allamakee, iowa",11
2824,"appanoose, iowa",11
2825,"audubon, iowa",11
2826,"benton, iowa",11
2827,"black hawk, iowa",11
2828,"boone, iowa",11
2829,"bremer, iowa",11
2830,"buchanan, iowa",11
2831,"buena vista, iowa",11
2832,"butler, iowa",11
2833,"calhoun, iowa",11
2834,"carroll, iowa",11
2835,"cass, iowa",11
2836,"cedar, iowa",11
2837,"cerro gordo, iowa",11
2838,"cherokee, iowa",11
2839,"chickasaw, iowa",11
2840,"clarke, iowa",11
2841,"clay, iowa",11
2842,"clayton, iowa",11
2843,"clinton, iowa",11
2844,"crawford, iowa",11
2845,"dallas, iowa",11
2846,"davis, iowa",11
2847,"decatur, iowa",11
2848,"delaware, iowa",11
2849,"des moines, iowa",11
2850,"dickinson, iowa",11
2851,"dubuque, iowa",11
2852,"emmet, iowa",11
2853,"fayette, iowa",11
2854,"floyd, iowa",11
2855,"franklin, iowa",11
2856,"fremont, iowa",11
2857,"greene, iowa",11
2858,"grundy, iowa",11
2859,"guthrie, iowa",11
2860,"hamilton, iowa",11
2861,"hancock, iowa",11
2862,"hardin, iowa",11
2863,"harrison, iowa",11
2864,"henry, iowa",11
2865,"howard, iowa",11
2866,"humboldt, iowa",11
2867,"ida, iowa",11
2868,"iowa, iowa",11
2869,"jackson, iowa",11
2870,"jasper, iowa",11
2871,"jefferson, iowa",11
2872,"johnson, iowa",11
2873,"jones, iowa",11
2874,"keokuk, iowa",11
2875,"kossuth, iowa",11
2876,"lee, iowa",11
2877,"linn, iowa",11
2878,"louisa, iowa",11
2879,"lucas, iowa",11
2880,"lyon, iowa",11
2881,"madison, iowa",11
2882,"mahaska, iowa",11
2883,"marion, iowa",11
2884,"marshall, iowa",11
2885,"mills, iowa",11
2886,"mitchell, iowa",11
2887,"monona, iowa",11
2888,"monroe, iowa",11
2889,"montgomery, iowa",11
2890,"muscatine, iowa",11
2891,"o'brien, iowa",11
2892,"osceola, iowa",11
2893,"page, iowa",11
2894,"palo alto, iowa",11
2895,"plymouth, iowa",11
2896,"pocahontas, iowa",11
2897,"polk, iowa",11
2898,"pottawattamie, iowa",11
2899,"poweshiek, iowa",11
2900,"ringgold, iowa",11
2901,"sac, iowa",11
2902,"scott, iowa",11
2903,"shelby, iowa",11
2904,"sioux, iowa",11
2905,"story, iowa",11
2906,"tama, iowa",11
2907,"taylor, iowa",11
2908,"union, iowa",11
2909,"van buren, iowa",11
2910,"wapello, iowa",11
2911,"warren, iowa",11
2912,"washington, iowa",11
2913,"wayne, iowa",11
2914,"webster, iowa",11
2915,"winnebago, iowa",11
2916,"winneshiek, iowa",11
2917,"woodbury, iowa",11
2918,"worth, iowa",11
2919,"wright, iowa",11
2920,"allen, kansas",11
2921,"anderson, kansas",11
2922,"atchison, kansas",11
2923,"barber, kansas",11
2924,"barton, kansas",11
2925,"bourbon, kansas",11
2926,"brown, kansas",11
2927,"butler, kansas",11
2928,"chase, kansas",11
2929,"chautauqua, kansas",11
2930,"cherokee, kansas",11
2931,"cheyenne, kansas",11
2932,"clark, kansas",11
2933,"clay, kansas",11
2934,"cloud, kansas",11
2935,"coffey, kansas",11
2936,"comanche, kansas",11
2937,"cowley, kansas",11
2938,"crawford, kansas",11
2939,"decatur, kansas",11
2940,"dickinson, kansas",11
2941,"doniphan, kansas",11
2942,"douglas, kansas",11
2943,"edwards, kansas",11
2944,"elk, kansas",11
2945,"ellis, kansas",11
2946,"ellsworth, kansas",11
2947,"finney, kansas",11
2948,"ford, kansas",11
2949,"franklin, kansas",11
2950,"geary, kansas",11
2951,"gove, kansas",11
2952,"graham, kansas",11
2953,"grant, kansas",11
2954,"gray, kansas",11
2955,"greeley, kansas",11
2956,"greenwood, kansas",11
2957,"hamilton, kansas",11
2958,"harper, kansas",11
2959,"harvey, kansas",11
2960,"haskell, kansas",11
2961,"hodgeman, kansas",11
2962,"jackson, kansas",11
2963,"jefferson, kansas",11
2964,"jewell, kansas",11
2965,"johnson, kansas",11
2966,"kearny, kansas",11
2967,"kingman, kansas",11
2968,"kiowa, kansas",11
2969,"labette, kansas",11
2970,"lane, kansas",11
2971,"leavenworth, kansas",11
2972,"lincoln, kansas",11
2973,"linn, kansas",11
2974,"logan, kansas",11
2975,"lyon, kansas",11
2976,"marion, kansas",11
2977,"marshall, kansas",11
2978,"mcpherson, kansas",11
2979,"meade, kansas",11
2980,"miami, kansas",11
2981,"mitchell, kansas",11
2982,"montgomery, kansas",11
2983,"morris, kansas",11
2984,"morton, kansas",11
2985,"nemaha, kansas",11
2986,"neosho, kansas",11
2987,"ness, kansas",11
2988,"norton, kansas",11
2989,"osage, kansas",11
2990,"osborne, kansas",11
2991,"ottawa, kansas",11
2992,"pawnee, kansas",11
2993,"phillips, kansas",11
2994,"pottawatomie, kansas",11
2995,"pratt, kansas",11
2996,"rawlins, kansas",11
2997,"reno, kansas",11
2998,"republic, kansas",11
2999,"rice, kansas",11
3000,"riley, kansas",11
3001,"rooks, kansas",11
3002,"rush, kansas",11
3003,"russell, kansas",11
3004,"saline, kansas",11
3005,"scott, kansas",11
3006,"sedgwick, kansas",11
3007,"seward, kansas",11
3008,"shawnee, kansas",11
3009,"sheridan, kansas",11
3010,"sherman, kansas",11
3011,"smith, kansas",11
3012,"stafford, kansas",11
3013,"stanton, kansas",11
3014,"stevens, kansas",11
3015,"sumner, kansas",11
3016,"thomas, kansas",11
3017,"trego, kansas",11
3018,"wabaunsee, kansas",11
3019,"wallace, kansas",11
3020,"washington, kansas",11
3021,"wichita, kansas",11
3022,"wilson, kansas",11
3023,"woodson, kansas",11
3024,"wyandotte, kansas",11
3025,"adair, kentucky",11
3026,"allen, kentucky",11
3027,"anderson, kentucky",11
3028,"ballard, kentucky",11
3029,"barren, kentucky",11
3030,"bath, kentucky",11
3031,"bell, kentucky",11
3032,"boone, kentucky",11
3033,"bourbon, kentucky",11
3034,"boyd, kentucky",11
3035,"boyle, kentucky",11
3036,"bracken, kentucky",11
3037,"breathitt, kentucky",11
3038,"breckinridge, kentucky",11
3039,"bullitt, kentucky",11
3040,"butler, kentucky",11
3041,"caldwell, kentucky",11
3042,"calloway, kentucky",11
3043,"campbell, kentucky",11
3044,"carlisle, kentucky",11
3045,"carroll, kentucky",11
3046,"carter, kentucky",11
3047,"casey, kentucky",11
3048,"christian, kentucky",11
3049,"clark, kentucky",11
3050,"clay, kentucky",11
3051,"clinton, kentucky",11
3052,"crittenden, kentucky",11
3053,"cumberland, kentucky",11
3054,"daviess, kentucky",11
3055,"edmonson, kentucky",11
3056,"elliott, kentucky",11
3057,"estill, kentucky",11
3058,"fayette, kentucky",11
3059,"fleming, kentucky",11
3060,"floyd, kentucky",11
3061,"franklin, kentucky",11
3062,"fulton, kentucky",11
3063,"gallatin, kentucky",11
3064,"garrard, kentucky",11
3065,"grant, kentucky",11
3066,"graves, kentucky",11
3067,"grayson, kentucky",11
3068,"green, kentucky",11
3069,"greenup, kentucky",11
3070,"hancock, kentucky",11
3071,"hardin, kentucky",11
3072,"harlan, kentucky",11
3073,"harrison, kentucky",11
3074,"hart, kentucky",11
3075,"henderson, kentucky",11
3076,"henry, kentucky",11
3077,"hickman, kentucky",11
3078,"hopkins, kentucky",11
3079,"jackson, kentucky",11
3080,"jefferson, kentucky",11
3081,"jessamine, kentucky",11
3082,"johnson, kentucky",11
3083,"kenton, kentucky",11
3084,"knott, kentucky",11
3085,"knox, kentucky",11
3086,"larue, kentucky",11
3087,"laurel, kentucky",11
3088,"lawrence, kentucky",11
3089,"lee, kentucky",11
3090,"leslie, kentucky",11
3091,"letcher, kentucky",11
3092,"lewis, kentucky",11
3093,"lincoln, kentucky",11
3094,"livingston, kentucky",11
3095,"logan, kentucky",11
3096,"lyon, kentucky",11
3097,"madison, kentucky",11
3098,"magoffin, kentucky",11
3099,"marion, kentucky",11
3100,"marshall, kentucky",11
3101,"martin, kentucky",11
3102,"mason, kentucky",11
3103,"mccracken, kentucky",11
3104,"mccreary, kentucky",11
3105,"mclean, kentucky",11
3106,"meade, kentucky",11
3107,"menifee, kentucky",11
3108,"mercer, kentucky",11
3109,"metcalfe, kentucky",11
3110,"monroe, kentucky",11
3111,"montgomery, kentucky",11
3112,"morgan, kentucky",11
3113,"muhlenberg, kentucky",11
3114,"nelson, kentucky",11
3115,"nicholas, kentucky",11
3116,"ohio, kentucky",11
3117,"oldham, kentucky",11
3118,"owen, kentucky",11
3119,"owsley, kentucky",11
3120,"pendleton, kentucky",11
3121,"perry, kentucky",11
3122,"pike, kentucky",11
3123,"powell, kentucky",11
3124,"pulaski, kentucky",11
3125,"robertson, kentucky",11
3126,"rockcastle, kentucky",11
3127,"rowan, kentucky",11
3128,"russell, kentucky",11
3129,"scott, kentucky",11
3130,"shelby, kentucky",11
3131,"simpson, kentucky",11
3132,"spencer, kentucky",11
3133,"taylor, kentucky",11
3134,"todd, kentucky",11
3135,"trigg, kentucky",11
3136,"trimble, kentucky",11
3137,"union, kentucky",11
3138,"warren, kentucky",11
3139,"washington, kentucky",11
3140,"wayne, kentucky",11
3141,"webster, kentucky",11
3142,"whitley, kentucky",11
3143,"wolfe, kentucky",11
3144,"woodford, kentucky",11
3145,"acadia, louisiana",11
3146,"allen, louisiana",11
3147,"ascension, louisiana",11
3148,"assumption, louisiana",11
3149,"avoyelles, louisiana",11
3150,"beauregard, louisiana",11
3151,"bienville, louisiana",11
3152,"bossier, louisiana",11
3153,"caddo, louisiana",11
3154,"calcasieu, louisiana",11
3155,"caldwell, louisiana",11
3156,"cameron, louisiana",11
3157,"catahoula, louisiana",11
3158,"claiborne, louisiana",11
3159,"concordia, louisiana",11
3160,"de soto, louisiana",11
3161,"east baton rouge, louisiana",11
3162,"east carroll, louisiana",11
3163,"east feliciana, louisiana",11
3164,"evangeline, louisiana",11
3165,"franklin, louisiana",11
3166,"grant, louisiana",11
3167,"iberia, louisiana",11
3168,"iberville, louisiana",11
3169,"jackson, louisiana",11
3170,"jefferson davis, louisiana",11
3171,"jefferson, louisiana",11
3172,"lafayette, louisiana",11
3173,"lafourche, louisiana",11
3174,"lasalle, louisiana",11
3175,"lincoln, louisiana",11
3176,"livingston, louisiana",11
3177,"madison, louisiana",11
3178,"morehouse, louisiana",11
3179,"natchitoches, louisiana",11
3180,"orleans, louisiana",11
3181,"ouachita, louisiana",11
3182,"plaquemines, louisiana",11
3183,"pointe coupee, louisiana",11
3184,"rapides, louisiana",11
3185,"red river, louisiana",11
3186,"richland, louisiana",11
3187,"sabine, louisiana",11
3188,"st. bernard, louisiana",11
3189,"st. charles, louisiana",11
3190,"st. helena, louisiana",11
3191,"st. james, louisiana",11
3192,"st. john the baptist, louisiana",11
3193,"st. landry, louisiana",11
3194,"st. martin, louisiana",11
3195,"st. mary, louisiana",11
3196,"st. tammany, louisiana",11
3197,"tangipahoa, louisiana",11
3198,"tensas, louisiana",11
3199,"terrebonne, louisiana",11
3200,"union, louisiana",11
3201,"vermilion, louisiana",11
3202,"vernon, louisiana",11
3203,"washington, louisiana",11
3204,"webster, louisiana",11
3205,"west baton rouge, louisiana",11
3206,"west carroll, louisiana",11
3207,"west feliciana, louisiana",11
3208,"winn, louisiana",11
3209,"androscoggin, maine",11
3210,"aroostook, maine",11
3211,"cumberland, maine",11
3212,"franklin, maine",11
3213,"hancock, maine",11
3214,"kennebec, maine",11
3215,"knox, maine",11
3216,"lincoln, maine",11
3217,"oxford, maine",11
3218,"penobscot, maine",11
3219,"piscataquis, maine",11
3220,"sagadahoc, maine",11
3221,"somerset, maine",11
3222,"waldo, maine",11
3223,"washington, maine",11
3224,"york, maine",11
3225,"allegany, maryland",11
3226,"anne arundel, maryland",11
3227,"baltimore, maryland",11
3228,"calvert, maryland",11
3229,"caroline, maryland",11
3230,"carroll, maryland",11
3231,"cecil, maryland",11
3232,"charles, maryland",11
3233,"dorchester, maryland",11
3234,"frederick, maryland",11
3235,"garrett, maryland",11
3236,"harford, maryland",11
3237,"howard, maryland",11
3238,"kent, maryland",11
3239,"montgomery, maryland",11
3240,"prince george's, maryland",11
3241,"queen anne's, maryland",11
3242,"somerset, maryland",11
3243,"st. mary's, maryland",11
3244,"talbot, maryland",11
3245,"washington, maryland",11
3246,"wicomico, maryland",11
3247,"worcester, maryland",11
3248,"barnstable, massachusetts",11
3249,"berkshire, massachusetts",11
3250,"bristol, massachusetts",11
3251,"dukes, massachusetts",11
3252,"essex, massachusetts",11
3253,"franklin, massachusetts",11
3254,"hampden, massachusetts",11
3255,"hampshire, massachusetts",11
3256,"middlesex, massachusetts",11
3257,"nantucket, massachusetts",11
3258,"norfolk, massachusetts",11
3259,"plymouth, massachusetts",11
3260,"suffolk, massachusetts",11
3261,"worcester, massachusetts",11
3262,"alcona, michigan",11
3263,"alger, michigan",11
3264,"allegan, michigan",11
3265,"alpena, michigan",11
3266,"antrim, michigan",11
3267,"arenac, michigan",11
3268,"baraga, michigan",11
3269,"barry, michigan",11
3270,"bay, michigan",11
3271,"benzie, michigan",11
3272,"berrien, michigan",11
3273,"branch, michigan",11
3274,"calhoun, michigan",11
3275,"cass, michigan",11
3276,"charlevoix, michigan",11
3277,"cheboygan, michigan",11
3278,"chippewa, michigan",11
3279,"clare, michigan",11
3280,"clinton, michigan",11
3281,"crawford, michigan",11
3282,"delta, michigan",11
3283,"dickinson, michigan",11
3284,"eaton, michigan",11
3285,"emmet, michigan",11
3286,"genesee, michigan",11
3287,"gladwin, michigan",11
3288,"gogebic, michigan",11
3289,"grand traverse, michigan",11
3290,"gratiot, michigan",11
3291,"hillsdale, michigan",11
3292,"houghton, michigan",11
3293,"huron, michigan",11
3294,"ingham, michigan",11
3295,"ionia, michigan",11
3296,"iosco, michigan",11
3297,"iron, michigan",11
3298,"isabella, michigan",11
3299,"jackson, michigan",11
3300,"kalamazoo, michigan",11
3301,"kalkaska, michigan",11
3302,"kent, michigan",11
3303,"keweenaw, michigan",11
3304,"lake, michigan",11
3305,"lapeer, michigan",11
3306,"leelanau, michigan",11
3307,"lenawee, michigan",11
3308,"livingston, michigan",11
3309,"luce, michigan",11
3310,"mackinac, michigan",11
3311,"macomb, michigan",11
3312,"manistee, michigan",11
3313,"marquette, michigan",11
3314,"mason, michigan",11
3315,"mecosta, michigan",11
3316,"menominee, michigan",11
3317,"midland, michigan",11
3318,"missaukee, michigan",11
3319,"monroe, michigan",11
3320,"montcalm, michigan",11
3321,"montmorency, michigan",11
3322,"muskegon, michigan",11
3323,"newaygo, michigan",11
3324,"oakland, michigan",11
3325,"oceana, michigan",11
3326,"ogemaw, michigan",11
3327,"ontonagon, michigan",11
3328,"osceola, michigan",11
3329,"oscoda, michigan",11
3330,"otsego, michigan",11
3331,"ottawa, michigan",11
3332,"presque isle, michigan",11
3333,"roscommon, michigan",11
3334,"saginaw, michigan",11
3335,"sanilac, michigan",11
3336,"schoolcraft, michigan",11
3337,"shiawassee, michigan",11
3338,"st. clair, michigan",11
3339,"st. joseph, michigan",11
3340,"tuscola, michigan",11
3341,"van buren, michigan",11
3342,"washtenaw, michigan",11
3343,"wayne, michigan",11
3344,"wexford, michigan",11
3345,"aitkin, minnesota",11
3346,"anoka, minnesota",11
3347,"becker, minnesota",11
3348,"beltrami, minnesota",11
3349,"benton, minnesota",11
3350,"big stone, minnesota",11
3351,"blue earth, minnesota",11
3352,"brown, minnesota",11
3353,"carlton, minnesota",11
3354,"carver, minnesota",11
3355,"cass, minnesota",11
3356,"chippewa, minnesota",11
3357,"chisago, minnesota",11
3358,"clay, minnesota",11
3359,"clearwater, minnesota",11
3360,"cook, minnesota",11
3361,"cottonwood, minnesota",11
3362,"crow wing, minnesota",11
3363,"dakota, minnesota",11
3364,"dodge, minnesota",11
3365,"douglas, minnesota",11
3366,"faribault, minnesota",11
3367,"fillmore, minnesota",11
3368,"freeborn, minnesota",11
3369,"goodhue, minnesota",11
3370,"grant, minnesota",11
3371,"hennepin, minnesota",11
3372,"houston, minnesota",11
3373,"hubbard, minnesota",11
3374,"isanti, minnesota",11
3375,"itasca, minnesota",11
3376,"jackson, minnesota",11
3377,"kanabec, minnesota",11
3378,"kandiyohi, minnesota",11
3379,"kittson, minnesota",11
3380,"koochiching, minnesota",11
3381,"lac qui parle, minnesota",11
3382,"lake of the woods, minnesota",11
3383,"lake, minnesota",11
3384,"le sueur, minnesota",11
3385,"lincoln, minnesota",11
3386,"lyon, minnesota",11
3387,"mahnomen, minnesota",11
3388,"marshall, minnesota",11
3389,"martin, minnesota",11
3390,"mcleod, minnesota",11
3391,"meeker, minnesota",11
3392,"mille lacs, minnesota",11
3393,"morrison, minnesota",11
3394,"mower, minnesota",11
3395,"murray, minnesota",11
3396,"nicollet, minnesota",11
3397,"nobles, minnesota",11
3398,"norman, minnesota",11
3399,"olmsted, minnesota",11
3400,"otter tail, minnesota",11
3401,"pennington, minnesota",11
3402,"pine, minnesota",11
3403,"pipestone, minnesota",11
3404,"polk, minnesota",11
3405,"pope, minnesota",11
3406,"ramsey, minnesota",11
3407,"red lake, minnesota",11
3408,"redwood, minnesota",11
3409,"renville, minnesota",11
3410,"rice, minnesota",11
3411,"rock, minnesota",11
3412,"roseau, minnesota",11
3413,"scott, minnesota",11
3414,"sherburne, minnesota",11
3415,"sibley, minnesota",11
3416,"st. louis, minnesota",11
3417,"stearns, minnesota",11
3418,"steele, minnesota",11
3419,"stevens, minnesota",11
3420,"swift, minnesota",11
3421,"todd, minnesota",11
3422,"traverse, minnesota",11
3423,"wabasha, minnesota",11
3424,"wadena, minnesota",11
3425,"waseca, minnesota",11
3426,"washington, minnesota",11
3427,"watonwan, minnesota",11
3428,"wilkin, minnesota",11
3429,"winona, minnesota",11
3430,"wright, minnesota",11
3431,"yellow medicine, minnesota",11
3432,"adams, mississippi",11
3433,"alcorn, mississippi",11
3434,"amite, mississippi",11
3435,"attala, mississippi",11
3436,"benton, mississippi",11
3437,"bolivar, mississippi",11
3438,"calhoun, mississippi",11
3439,"carroll, mississippi",11
3440,"chickasaw, mississippi",11
3441,"choctaw, mississippi",11
3442,"claiborne, mississippi",11
3443,"clarke, mississippi",11
3444,"clay, mississippi",11
3445,"coahoma, mississippi",11
3446,"copiah, mississippi",11
3447,"covington, mississippi",11
3448,"desoto, mississippi",11
3449,"forrest, mississippi",11
3450,"franklin, mississippi",11
3451,"george, mississippi",11
3452,"greene, mississippi",11
3453,"grenada, mississippi",11
3454,"hancock, mississippi",11
3455,"harrison, mississippi",11
3456,"hinds, mississippi",11
3457,"holmes, mississippi",11
3458,"humphreys, mississippi",11
3459,"issaquena, mississippi",11
3460,"itawamba, mississippi",11
3461,"jackson, mississippi",11
3462,"jasper, mississippi",11
3463,"jefferson davis, mississippi",11
3464,"jefferson, mississippi",11
3465,"jones, mississippi",11
3466,"kemper, mississippi",11
3467,"lafayette, mississippi",11
3468,"lamar, mississippi",11
3469,"lauderdale, mississippi",11
3470,"lawrence, mississippi",11
3471,"leake, mississippi",11
3472,"lee, mississippi",11
3473,"leflore, mississippi",11
3474,"lincoln, mississippi",11
3475,"lowndes, mississippi",11
3476,"madison, mississippi",11
3477,"marion, mississippi",11
3478,"marshall, mississippi",11
3479,"monroe, mississippi",11
3480,"montgomery, mississippi",11
3481,"neshoba, mississippi",11
3482,"newton, mississippi",11
3483,"noxubee, mississippi",11
3484,"oktibbeha, mississippi",11
3485,"panola, mississippi",11
3486,"pearl river, mississippi",11
3487,"perry, mississippi",11
3488,"pike, mississippi",11
3489,"pontotoc, mississippi",11
3490,"prentiss, mississippi",11
3491,"quitman, mississippi",11
3492,"rankin, mississippi",11
3493,"scott, mississippi",11
3494,"sharkey, mississippi",11
3495,"simpson, mississippi",11
3496,"smith, mississippi",11
3497,"stone, mississippi",11
3498,"sunflower, mississippi",11
3499,"tallahatchie, mississippi",11
3500,"tate, mississippi",11
3501,"tippah, mississippi",11
3502,"tishomingo, mississippi",11
3503,"tunica, mississippi",11
3504,"union, mississippi",11
3505,"walthall, mississippi",11
3506,"warren, mississippi",11
3507,"washington, mississippi",11
3508,"wayne, mississippi",11
3509,"webster, mississippi",11
3510,"wilkinson, mississippi",11
3511,"winston, mississippi",11
3512,"yalobusha, mississippi",11
3513,"yazoo, mississippi",11
3514,"adair, missouri",11
3515,"andrew, missouri",11
3516,"atchison, missouri",11
3517,"audrain, missouri",11
3518,"barry, missouri",11
3519,"barton, missouri",11
3520,"bates, missouri",11
3521,"benton, missouri",11
3522,"bollinger, missouri",11
3523,"boone, missouri",11
3524,"buchanan, missouri",11
3525,"butler, missouri",11
3526,"caldwell, missouri",11
3527,"callaway, missouri",11
3528,"camden, missouri",11
3529,"cape girardeau, missouri",11
3530,"carroll, missouri",11
3531,"carter, missouri",11
3532,"cass, missouri",11
3533,"cedar, missouri",11
3534,"chariton, missouri",11
3535,"christian, missouri",11
3536,"clark, missouri",11
3537,"clay, missouri",11
3538,"clinton, missouri",11
3539,"cole, missouri",11
3540,"cooper, missouri",11
3541,"crawford, missouri",11
3542,"dade, missouri",11
3543,"dallas, missouri",11
3544,"daviess, missouri",11
3545,"dekalb, missouri",11
3546,"dent, missouri",11
3547,"douglas, missouri",11
3548,"dunklin, missouri",11
3549,"franklin, missouri",11
3550,"gasconade, missouri",11
3551,"gentry, missouri",11
3552,"greene, missouri",11
3553,"grundy, missouri",11
3554,"harrison, missouri",11
3555,"henry, missouri",11
3556,"hickory, missouri",11
3557,"holt, missouri",11
3558,"howard, missouri",11
3559,"howell, missouri",11
3560,"iron, missouri",11
3561,"jackson, missouri",11
3562,"jasper, missouri",11
3563,"jefferson, missouri",11
3564,"johnson, missouri",11
3565,"knox, missouri",11
3566,"laclede, missouri",11
3567,"lafayette, missouri",11
3568,"lawrence, missouri",11
3569,"lewis, missouri",11
3570,"lincoln, missouri",11
3571,"linn, missouri",11
3572,"livingston, missouri",11
3573,"macon, missouri",11
3574,"madison, missouri",11
3575,"maries, missouri",11
3576,"marion, missouri",11
3577,"mcdonald, missouri",11
3578,"mercer, missouri",11
3579,"miller, missouri",11
3580,"mississippi, missouri",11
3581,"moniteau, missouri",11
3582,"monroe, missouri",11
3583,"montgomery, missouri",11
3584,"morgan, missouri",11
3585,"new madrid, missouri",11
3586,"newton, missouri",11
3587,"nodaway, missouri",11
3588,"oregon, missouri",11
3589,"osage, missouri",11
3590,"ozark, missouri",11
3591,"pemiscot, missouri",11
3592,"perry, missouri",11
3593,"pettis, missouri",11
3594,"phelps, missouri",11
3595,"pike, missouri",11
3596,"platte, missouri",11
3597,"polk, missouri",11
3598,"pulaski, missouri",11
3599,"putnam, missouri",11
3600,"ralls, missouri",11
3601,"randolph, missouri",11
3602,"ray, missouri",11
3603,"reynolds, missouri",11
3604,"ripley, missouri",11
3605,"saline, missouri",11
3606,"schuyler, missouri",11
3607,"scotland, missouri",11
3608,"scott, missouri",11
3609,"shannon, missouri",11
3610,"shelby, missouri",11
3611,"st. charles, missouri",11
3612,"st. clair, missouri",11
3613,"st. francois, missouri",11
3614,"st. louis, missouri",11
3615,"ste. genevieve, missouri",11
3616,"stoddard, missouri",11
3617,"stone, missouri",11
3618,"sullivan, missouri",11
3619,"taney, missouri",11
3620,"texas, missouri",11
3621,"vernon, missouri",11
3622,"warren, missouri",11
3623,"washington, missouri",11
3624,"wayne, missouri",11
3625,"webster, missouri",11
3626,"worth, missouri",11
3627,"wright, missouri",11
3628,"beaverhead, montana",11
3629,"big horn, montana",11
3630,"blaine, montana",11
3631,"broadwater, montana",11
3632,"carbon, montana",11
3633,"carter, montana",11
3634,"cascade, montana",11
3635,"chouteau, montana",11
3636,"custer, montana",11
3637,"daniels, montana",11
3638,"dawson, montana",11
3639,"deer lodge, montana",11
3640,"fallon, montana",11
3641,"fergus, montana",11
3642,"flathead, montana",11
3643,"gallatin, montana",11
3644,"garfield, montana",11
3645,"glacier, montana",11
3646,"golden valley, montana",11
3647,"granite, montana",11
3648,"hill, montana",11
3649,"jefferson, montana",11
3650,"judith basin, montana",11
3651,"lake, montana",11
3652,"lewis and clark, montana",11
3653,"liberty, montana",11
3654,"lincoln, montana",11
3655,"madison, montana",11
3656,"mccone, montana",11
3657,"meagher, montana",11
3658,"mineral, montana",11
3659,"missoula, montana",11
3660,"musselshell, montana",11
3661,"park, montana",11
3662,"petroleum, montana",11
3663,"phillips, montana",11
3664,"pondera, montana",11
3665,"powder river, montana",11
3666,"powell, montana",11
3667,"prairie, montana",11
3668,"ravalli, montana",11
3669,"richland, montana",11
3670,"roosevelt, montana",11
3671,"rosebud, montana",11
3672,"sanders, montana",11
3673,"sheridan, montana",11
3674,"silver bow, montana",11
3675,"stillwater, montana",11
3676,"sweet grass, montana",11
3677,"teton, montana",11
3678,"toole, montana",11
3679,"treasure, montana",11
3680,"valley, montana",11
3681,"wheatland, montana",11
3682,"wibaux, montana",11
3683,"yellowstone, montana",11
3684,"adams, nebraska",11
3685,"antelope, nebraska",11
3686,"arthur, nebraska",11
3687,"banner, nebraska",11
3688,"blaine, nebraska",11
3689,"boone, nebraska",11
3690,"box butte, nebraska",11
3691,"boyd, nebraska",11
3692,"brown, nebraska",11
3693,"buffalo, nebraska",11
3694,"burt, nebraska",11
3695,"butler, nebraska",11
3696,"cass, nebraska",11
3697,"cedar, nebraska",11
3698,"chase, nebraska",11
3699,"cherry, nebraska",11
3700,"cheyenne, nebraska",11
3701,"clay, nebraska",11
3702,"colfax, nebraska",11
3703,"cuming, nebraska",11
3704,"custer, nebraska",11
3705,"dakota, nebraska",11
3706,"dawes, nebraska",11
3707,"dawson, nebraska",11
3708,"deuel, nebraska",11
3709,"dixon, nebraska",11
3710,"dodge, nebraska",11
3711,"douglas, nebraska",11
3712,"dundy, nebraska",11
3713,"fillmore, nebraska",11
3714,"franklin, nebraska",11
3715,"frontier, nebraska",11
3716,"furnas, nebraska",11
3717,"gage, nebraska",11
3718,"garden, nebraska",11
3719,"garfield, nebraska",11
3720,"gosper, nebraska",11
3721,"grant, nebraska",11
3722,"greeley, nebraska",11
3723,"hall, nebraska",11
3724,"hamilton, nebraska",11
3725,"harlan, nebraska",11
3726,"hayes, nebraska",11
3727,"hitchcock, nebraska",11
3728,"holt, nebraska",11
3729,"hooker, nebraska",11
3730,"howard, nebraska",11
3731,"jefferson, nebraska",11
3732,"johnson, nebraska",11
3733,"kearney, nebraska",11
3734,"keith, nebraska",11
3735,"keya paha, nebraska",11
3736,"kimball, nebraska",11
3737,"knox, nebraska",11
3738,"lancaster, nebraska",11
3739,"lincoln, nebraska",11
3740,"logan, nebraska",11
3741,"loup, nebraska",11
3742,"madison, nebraska",11
3743,"mcpherson, nebraska",11
3744,"merrick, nebraska",11
3745,"morrill, nebraska",11
3746,"nance, nebraska",11
3747,"nemaha, nebraska",11
3748,"nuckolls, nebraska",11
3749,"otoe, nebraska",11
3750,"pawnee, nebraska",11
3751,"perkins, nebraska",11
3752,"phelps, nebraska",11
3753,"pierce, nebraska",11
3754,"platte, nebraska",11
3755,"polk, nebraska",11
3756,"red willow, nebraska",11
3757,"richardson, nebraska",11
3758,"rock, nebraska",11
3759,"saline, nebraska",11
3760,"sarpy, nebraska",11
3761,"saunders, nebraska",11
3762,"scotts bluff, nebraska",11
3763,"seward, nebraska",11
3764,"sheridan, nebraska",11
3765,"sherman, nebraska",11
3766,"sioux, nebraska",11
3767,"stanton, nebraska",11
3768,"thayer, nebraska",11
3769,"thomas, nebraska",11
3770,"thurston, nebraska",11
3771,"valley, nebraska",11
3772,"washington, nebraska",11
3773,"wayne, nebraska",11
3774,"webster, nebraska",11
3775,"wheeler, nebraska",11
3776,"york, nebraska",11
3777,"carson city, nevada",11
3778,"churchill, nevada",11
3779,"clark, nevada",11
3780,"douglas, nevada",11
3781,"elko, nevada",11
3782,"esmeralda, nevada",11
3783,"eureka, nevada",11
3784,"humboldt, nevada",11
3785,"lander, nevada",11
3786,"lincoln, nevada",11
3787,"lyon, nevada",11
3788,"mineral, nevada",11
3789,"nye, nevada",11
3790,"pershing, nevada",11
3791,"storey, nevada",11
3792,"washoe, nevada",11
3793,"white pine, nevada",11
3794,"belknap, new hampshire",11
3795,"carroll, new hampshire",11
3796,"cheshire, new hampshire",11
3797,"coos, new hampshire",11
3798,"grafton, new hampshire",11
3799,"hillsborough, new hampshire",11
3800,"merrimack, new hampshire",11
3801,"rockingham, new hampshire",11
3802,"strafford, new hampshire",11
3803,"sullivan, new hampshire",11
3804,"atlantic, new jersey",11
3805,"bergen, new jersey",11
3806,"burlington, new jersey",11
3807,"camden, new jersey",11
3808,"cape may, new jersey",11
3809,"cumberland, new jersey",11
3810,"essex, new jersey",11
3811,"gloucester, new jersey",11
3812,"hudson, new jersey",11
3813,"hunterdon, new jersey",11
3814,"mercer, new jersey",11
3815,"middlesex, new jersey",11
3816,"monmouth, new jersey",11
3817,"morris, new jersey",11
3818,"ocean, new jersey",11
3819,"passaic, new jersey",11
3820,"salem, new jersey",11
3821,"somerset, new jersey",11
3822,"sussex, new jersey",11
3823,"union, new jersey",11
3824,"warren, new jersey",11
3825,"bernalillo, new mexico",11
3826,"catron, new mexico",11
3827,"chaves, new mexico",11
3828,"cibola, new mexico",11
3829,"colfax, new mexico",11
3830,"curry, new mexico",11
3831,"de baca, new mexico",11
3832,"dona ana, new mexico",11
3833,"eddy, new mexico",11
3834,"grant, new mexico",11
3835,"guadalupe, new mexico",11
3836,"harding, new mexico",11
3837,"hidalgo, new mexico",11
3838,"lea, new mexico",11
3839,"lincoln, new mexico",11
3840,"los alamos, new mexico",11
3841,"luna, new mexico",11
3842,"mckinley, new mexico",11
3843,"mora, new mexico",11
3844,"otero, new mexico",11
3845,"quay, new mexico",11
3846,"rio arriba, new mexico",11
3847,"roosevelt, new mexico",11
3848,"san juan, new mexico",11
3849,"san miguel, new mexico",11
3850,"sandoval, new mexico",11
3851,"santa fe, new mexico",11
3852,"sierra, new mexico",11
3853,"socorro, new mexico",11
3854,"taos, new mexico",11
3855,"torrance, new mexico",11
3856,"union, new mexico",11
3857,"valencia, new mexico",11
3858,"albany, new york",11
3859,"allegany, new york",11
3860,"bronx, new york",11
3861,"broome, new york",11
3862,"cattaraugus, new york",11
3863,"cayuga, new york",11
3864,"chautauqua, new york",11
3865,"chemung, new york",11
3866,"chenango, new york",11
3867,"clinton, new york",11
3868,"columbia, new york",11
3869,"cortland, new york",11
3870,"delaware, new york",11
3871,"dutchess, new york",11
3872,"erie, new york",11
3873,"essex, new york",11
3874,"franklin, new york",11
3875,"fulton, new york",11
3876,"genesee, new york",11
3877,"greene, new york",11
3878,"hamilton, new york",11
3879,"herkimer, new york",11
3880,"jefferson, new york",11
3881,"kings, new york",11
3882,"lewis, new york",11
3883,"livingston, new york",11
3884,"madison, new york",11
3885,"monroe, new york",11
3886,"montgomery, new york",11
3887,"nassau, new york",11
3888,"new york, new york",11
3889,"niagara, new york",11
3890,"oneida, new york",11
3891,"onondaga, new york",11
3892,"ontario, new york",11
3893,"orange, new york",11
3894,"orleans, new york",11
3895,"oswego, new york",11
3896,"otsego, new york",11
3897,"putnam, new york",11
3898,"queens, new york",11
3899,"rensselaer, new york",11
3900,"richmond, new york",11
3901,"rockland, new york",11
3902,"saratoga, new york",11
3903,"schenectady, new york",11
3904,"schoharie, new york",11
3905,"schuyler, new york",11
3906,"seneca, new york",11
3907,"st. lawrence, new york",11
3908,"steuben, new york",11
3909,"suffolk, new york",11
3910,"sullivan, new york",11
3911,"tioga, new york",11
3912,"tompkins, new york",11
3913,"ulster, new york",11
3914,"warren, new york",11
3915,"washington, new york",11
3916,"wayne, new york",11
3917,"westchester, new york",11
3918,"wyoming, new york",11
3919,"yates, new york",11
3920,"alamance, north carolina",11
3921,"alexander, north carolina",11
3922,"alleghany, north carolina",11
3923,"anson, north carolina",11
3924,"ashe, north carolina",11
3925,"avery, north carolina",11
3926,"beaufort, north carolina",11
3927,"bertie, north carolina",11
3928,"bladen, north carolina",11
3929,"brunswick, north carolina",11
3930,"buncombe, north carolina",11
3931,"burke, north carolina",11
3932,"cabarrus, north carolina",11
3933,"caldwell, north carolina",11
3934,"camden, north carolina",11
3935,"carteret, north carolina",11
3936,"caswell, north carolina",11
3937,"catawba, north carolina",11
3938,"chatham, north carolina",11
3939,"cherokee, north carolina",11
3940,"chowan, north carolina",11
3941,"clay, north carolina",11
3942,"cleveland, north carolina",11
3943,"columbus, north carolina",11
3944,"craven, north carolina",11
3945,"cumberland, north carolina",11
3946,"currituck, north carolina",11
3947,"dare, north carolina",11
3948,"davidson, north carolina",11
3949,"davie, north carolina",11
3950,"duplin, north carolina",11
3951,"durham, north carolina",11
3952,"edgecombe, north carolina",11
3953,"forsyth, north carolina",11
3954,"franklin, north carolina",11
3955,"gaston, north carolina",11
3956,"gates, north carolina",11
3957,"graham, north carolina",11
3958,"granville, north carolina",11
3959,"greene, north carolina",11
3960,"guilford, north carolina",11
3961,"halifax, north carolina",11
3962,"harnett, north carolina",11
3963,"haywood, north carolina",11
3964,"henderson, north carolina",11
3965,"hertford, north carolina",11
3966,"hoke, north carolina",11
3967,"hyde, north carolina",11
3968,"iredell, north carolina",11
3969,"jackson, north carolina",11
3970,"johnston, north carolina",11
3971,"jones, north carolina",11
3972,"lee, north carolina",11
3973,"lenoir, north carolina",11
3974,"lincoln, north carolina",11
3975,"macon, north carolina",11
3976,"madison, north carolina",11
3977,"martin, north carolina",11
3978,"mcdowell, north carolina",11
3979,"mecklenburg, north carolina",11
3980,"mitchell, north carolina",11
3981,"montgomery, north carolina",11
3982,"moore, north carolina",11
3983,"nash, north carolina",11
3984,"new hanover, north carolina",11
3985,"northampton, north carolina",11
3986,"onslow, north carolina",11
3987,"orange, north carolina",11
3988,"pamlico, north carolina",11
3989,"pasquotank, north carolina",11
3990,"pender, north carolina",11
3991,"perquimans, north carolina",11
3992,"person, north carolina",11
3993,"pitt, north carolina",11
3994,"polk, north carolina",11
3995,"randolph, north carolina",11
3996,"richmond, north carolina",11
3997,"robeson, north carolina",11
3998,"rockingham, north carolina",11
3999,"rowan, north carolina",11
4000,"rutherford, north carolina",11
4001,"sampson, north carolina",11
4002,"scotland, north carolina",11
4003,"stanly, north carolina",11
4004,"stokes, north carolina",11
4005,"surry, north carolina",11
4006,"swain, north carolina",11
4007,"transylvania, north carolina",11
4008,"tyrrell, north carolina",11
4009,"union, north carolina",11
4010,"vance, north carolina",11
4011,"wake, north carolina",11
4012,"warren, north carolina",11
4013,"washington, north carolina",11
4014,"watauga, north carolina",11
4015,"wayne, north carolina",11
4016,"wilkes, north carolina",11
4017,"wilson, north carolina",11
4018,"yadkin, north carolina",11
4019,"yancey, north carolina",11
4020,"adams, north dakota",11
4021,"barnes, north dakota",11
4022,"benson, north dakota",11
4023,"billings, north dakota",11
4024,"bottineau, north dakota",11
4025,"bowman, north dakota",11
4026,"burke, north dakota",11
4027,"burleigh, north dakota",11
4028,"cass, north dakota",11
4029,"cavalier, north dakota",11
4030,"dickey, north dakota",11
4031,"divide, north dakota",11
4032,"dunn, north dakota",11
4033,"eddy, north dakota",11
4034,"emmons, north dakota",11
4035,"foster, north dakota",11
4036,"golden valley, north dakota",11
4037,"grand forks, north dakota",11
4038,"grant, north dakota",11
4039,"griggs, north dakota",11
4040,"hettinger, north dakota",11
4041,"kidder, north dakota",11
4042,"lamoure, north dakota",11
4043,"logan, north dakota",11
4044,"mchenry, north dakota",11
4045,"mcintosh, north dakota",11
4046,"mckenzie, north dakota",11
4047,"mclean, north dakota",11
4048,"mercer, north dakota",11
4049,"morton, north dakota",11
4050,"mountrail, north dakota",11
4051,"nelson, north dakota",11
4052,"oliver, north dakota",11
4053,"pembina, north dakota",11
4054,"pierce, north dakota",11
4055,"ramsey, north dakota",11
4056,"ransom, north dakota",11
4057,"renville, north dakota",11
4058,"richland, north dakota",11
4059,"rolette, north dakota",11
4060,"sargent, north dakota",11
4061,"sheridan, north dakota",11
4062,"sioux, north dakota",11
4063,"slope, north dakota",11
4064,"stark, north dakota",11
4065,"steele, north dakota",11
4066,"stutsman, north dakota",11
4067,"towner, north dakota",11
4068,"traill, north dakota",11
4069,"walsh, north dakota",11
4070,"ward, north dakota",11
4071,"wells, north dakota",11
4072,"williams, north dakota",11
4073,"adams, ohio",11
4074,"allen, ohio",11
4075,"ashland, ohio",11
4076,"ashtabula, ohio",11
4077,"athens, ohio",11
4078,"auglaize, ohio",11
4079,"belmont, ohio",11
4080,"brown, ohio",11
4081,"butler, ohio",11
4082,"carroll, ohio",11
4083,"champaign, ohio",11
4084,"clark, ohio",11
4085,"clermont, ohio",11
4086,"clinton, ohio",11
4087,"columbiana, ohio",11
4088,"coshocton, ohio",11
4089,"crawford, ohio",11
4090,"cuyahoga, ohio",11
4091,"darke, ohio",11
4092,"defiance, ohio",11
4093,"delaware, ohio",11
4094,"erie, ohio",11
4095,"fairfield, ohio",11
4096,"fayette, ohio",11
4097,"franklin, ohio",11
4098,"fulton, ohio",11
4099,"gallia, ohio",11
4100,"geauga, ohio",11
4101,"greene, ohio",11
4102,"guernsey, ohio",11
4103,"hamilton, ohio",11
4104,"hancock, ohio",11
4105,"hardin, ohio",11
4106,"harrison, ohio",11
4107,"henry, ohio",11
4108,"highland, ohio",11
4109,"hocking, ohio",11
4110,"holmes, ohio",11
4111,"huron, ohio",11
4112,"jackson, ohio",11
4113,"jefferson, ohio",11
4114,"knox, ohio",11
4115,"lake, ohio",11
4116,"lawrence, ohio",11
4117,"licking, ohio",11
4118,"logan, ohio",11
4119,"lorain, ohio",11
4120,"lucas, ohio",11
4121,"madison, ohio",11
4122,"mahoning, ohio",11
4123,"marion, ohio",11
4124,"medina, ohio",11
4125,"meigs, ohio",11
4126,"mercer, ohio",11
4127,"miami, ohio",11
4128,"monroe, ohio",11
4129,"montgomery, ohio",11
4130,"morgan, ohio",11
4131,"morrow, ohio",11
4132,"muskingum, ohio",11
4133,"noble, ohio",11
4134,"ottawa, ohio",11
4135,"paulding, ohio",11
4136,"perry, ohio",11
4137,"pickaway, ohio",11
4138,"pike, ohio",11
4139,"portage, ohio",11
4140,"preble, ohio",11
4141,"putnam, ohio",11
4142,"richland, ohio",11
4143,"ross, ohio",11
4144,"sandusky, ohio",11
4145,"scioto, ohio",11
4146,"seneca, ohio",11
4147,"shelby, ohio",11
4148,"stark, ohio",11
4149,"summit, ohio",11
4150,"trumbull, ohio",11
4151,"tuscarawas, ohio",11
4152,"union, ohio",11
4153,"van wert, ohio",11
4154,"vinton, ohio",11
4155,"warren, ohio",11
4156,"washington, ohio",11
4157,"wayne, ohio",11
4158,"williams, ohio",11
4159,"wood, ohio",11
4160,"wyandot, ohio",11
4161,"adair, oklahoma",11
4162,"alfalfa, oklahoma",11
4163,"atoka, oklahoma",11
4164,"beaver, oklahoma",11
4165,"beckham, oklahoma",11
4166,"blaine, oklahoma",11
4167,"bryan, oklahoma",11
4168,"caddo, oklahoma",11
4169,"canadian, oklahoma",11
4170,"carter, oklahoma",11
4171,"cherokee, oklahoma",11
4172,"choctaw, oklahoma",11
4173,"cimarron, oklahoma",11
4174,"cleveland, oklahoma",11
4175,"coal, oklahoma",11
4176,"comanche, oklahoma",11
4177,"cotton, oklahoma",11
4178,"craig, oklahoma",11
4179,"creek, oklahoma",11
4180,"custer, oklahoma",11
4181,"delaware, oklahoma",11
4182,"dewey, oklahoma",11
4183,"ellis, oklahoma",11
4184,"garfield, oklahoma",11
4185,"garvin, oklahoma",11
4186,"grady, oklahoma",11
4187,"grant, oklahoma",11
4188,"greer, oklahoma",11
4189,"harmon, oklahoma",11
4190,"harper, oklahoma",11
4191,"haskell, oklahoma",11
4192,"hughes, oklahoma",11
4193,"jackson, oklahoma",11
4194,"jefferson, oklahoma",11
4195,"johnston, oklahoma",11
4196,"kay, oklahoma",11
4197,"kingfisher, oklahoma",11
4198,"kiowa, oklahoma",11
4199,"latimer, oklahoma",11
4200,"le flore, oklahoma",11
4201,"lincoln, oklahoma",11
4202,"logan, oklahoma",11
4203,"love, oklahoma",11
4204,"major, oklahoma",11
4205,"marshall, oklahoma",11
4206,"mayes, oklahoma",11
4207,"mcclain, oklahoma",11
4208,"mccurtain, oklahoma",11
4209,"mcintosh, oklahoma",11
4210,"murray, oklahoma",11
4211,"muskogee, oklahoma",11
4212,"noble, oklahoma",11
4213,"nowata, oklahoma",11
4214,"okfuskee, oklahoma",11
4215,"oklahoma, oklahoma",11
4216,"okmulgee, oklahoma",11
4217,"osage, oklahoma",11
4218,"ottawa, oklahoma",11
4219,"pawnee, oklahoma",11
4220,"payne, oklahoma",11
4221,"pittsburg, oklahoma",11
4222,"pontotoc, oklahoma",11
4223,"pottawatomie, oklahoma",11
4224,"pushmataha, oklahoma",11
4225,"roger mills, oklahoma",11
4226,"rogers, oklahoma",11
4227,"seminole, oklahoma",11
4228,"sequoyah, oklahoma",11
4229,"stephens, oklahoma",11
4230,"texas, oklahoma",11
4231,"tillman, oklahoma",11
4232,"tulsa, oklahoma",11
4233,"wagoner, oklahoma",11
4234,"washington, oklahoma",11
4235,"washita, oklahoma",11
4236,"woods, oklahoma",11
4237,"woodward, oklahoma",11
4238,"baker, oregon",11
4239,"benton, oregon",11
4240,"clackamas, oregon",11
4241,"clatsop, oregon",11
4242,"columbia, oregon",11
4243,"coos, oregon",11
4244,"crook, oregon",11
4245,"curry, oregon",11
4246,"deschutes, oregon",11
4247,"douglas, oregon",11
4248,"gilliam, oregon",11
4249,"grant, oregon",11
4250,"harney, oregon",11
4251,"hood river, oregon",11
4252,"jackson, oregon",11
4253,"jefferson, oregon",11
4254,"josephine, oregon",11
4255,"klamath, oregon",11
4256,"lake, oregon",11
4257,"lane, oregon",11
4258,"lincoln, oregon",11
4259,"linn, oregon",11
4260,"malheur, oregon",11
4261,"marion, oregon",11
4262,"morrow, oregon",11
4263,"multnomah, oregon",11
4264,"polk, oregon",11
4265,"sherman, oregon",11
4266,"tillamook, oregon",11
4267,"umatilla, oregon",11
4268,"union, oregon",11
4269,"wallowa, oregon",11
4270,"wasco, oregon",11
4271,"washington, oregon",11
4272,"wheeler, oregon",11
4273,"yamhill, oregon",11
4274,"adams, pennsylvania",11
4275,"allegheny, pennsylvania",11
4276,"armstrong, pennsylvania",11
4277,"beaver, pennsylvania",11
4278,"bedford, pennsylvania",11
4279,"berks, pennsylvania",11
4280,"blair, pennsylvania",11
4281,"bradford, pennsylvania",11
4282,"bucks, pennsylvania",11
4283,"butler, pennsylvania",11
4284,"cambria, pennsylvania",11
4285,"cameron, pennsylvania",11
4286,"carbon, pennsylvania",11
4287,"centre, pennsylvania",11
4288,"chester, pennsylvania",11
4289,"clarion, pennsylvania",11
4290,"clearfield, pennsylvania",11
4291,"clinton, pennsylvania",11
4292,"columbia, pennsylvania",11
4293,"crawford, pennsylvania",11
4294,"cumberland, pennsylvania",11
4295,"dauphin, pennsylvania",11
4296,"delaware, pennsylvania",11
4297,"elk, pennsylvania",11
4298,"erie, pennsylvania",11
4299,"fayette, pennsylvania",11
4300,"forest, pennsylvania",11
4301,"franklin, pennsylvania",11
4302,"fulton, pennsylvania",11
4303,"greene, pennsylvania",11
4304,"huntingdon, pennsylvania",11
4305,"indiana, pennsylvania",11
4306,"jefferson, pennsylvania",11
4307,"juniata, pennsylvania",11
4308,"lackawanna, pennsylvania",11
4309,"lancaster, pennsylvania",11
4310,"lawrence, pennsylvania",11
4311,"lebanon, pennsylvania",11
4312,"lehigh, pennsylvania",11
4313,"luzerne, pennsylvania",11
4314,"lycoming, pennsylvania",11
4315,"mckean, pennsylvania",11
4316,"mercer, pennsylvania",11
4317,"mifflin, pennsylvania",11
4318,"monroe, pennsylvania",11
4319,"montgomery, pennsylvania",11
4320,"montour, pennsylvania",11
4321,"northampton, pennsylvania",11
4322,"northumberland, pennsylvania",11
4323,"perry, pennsylvania",11
4324,"philadelphia, pennsylvania",11
4325,"pike, pennsylvania",11
4326,"potter, pennsylvania",11
4327,"schuylkill, pennsylvania",11
4328,"snyder, pennsylvania",11
4329,"somerset, pennsylvania",11
4330,"sullivan, pennsylvania",11
4331,"susquehanna, pennsylvania",11
4332,"tioga, pennsylvania",11
4333,"union, pennsylvania",11
4334,"venango, pennsylvania",11
4335,"warren, pennsylvania",11
4336,"washington, pennsylvania",11
4337,"wayne, pennsylvania",11
4338,"westmoreland, pennsylvania",11
4339,"wyoming, pennsylvania",11
4340,"york, pennsylvania",11
4341,"puerto rico, puerto rico",11
4342,"bristol, rhode island",11
4343,"kent, rhode island",11
4344,"newport, rhode island",11
4345,"providence, rhode island",11
4346,"washington, rhode island",11
4347,"abbeville, south carolina",11
4348,"aiken, south carolina",11
4349,"allendale, south carolina",11
4350,"anderson, south carolina",11
4351,"bamberg, south carolina",11
4352,"barnwell, south carolina",11
4353,"beaufort, south carolina",11
4354,"berkeley, south carolina",11
4355,"calhoun, south carolina",11
4356,"charleston, south carolina",11
4357,"cherokee, south carolina",11
4358,"chester, south carolina",11
4359,"chesterfield, south carolina",11
4360,"clarendon, south carolina",11
4361,"colleton, south carolina",11
4362,"darlington, south carolina",11
4363,"dillon, south carolina",11
4364,"dorchester, south carolina",11
4365,"edgefield, south carolina",11
4366,"fairfield, south carolina",11
4367,"florence, south carolina",11
4368,"georgetown, south carolina",11
4369,"greenville, south carolina",11
4370,"greenwood, south carolina",11
4371,"hampton, south carolina",11
4372,"horry, south carolina",11
4373,"jasper, south carolina",11
4374,"kershaw, south carolina",11
4375,"lancaster, south carolina",11
4376,"laurens, south carolina",11
4377,"lee, south carolina",11
4378,"lexington, south carolina",11
4379,"marion, south carolina",11
4380,"marlboro, south carolina",11
4381,"mccormick, south carolina",11
4382,"newberry, south carolina",11
4383,"oconee, south carolina",11
4384,"orangeburg, south carolina",11
4385,"pickens, south carolina",11
4386,"richland, south carolina",11
4387,"saluda, south carolina",11
4388,"spartanburg, south carolina",11
4389,"sumter, south carolina",11
4390,"union, south carolina",11
4391,"williamsburg, south carolina",11
4392,"york, south carolina",11
4393,"aurora, south dakota",11
4394,"beadle, south dakota",11
4395,"bennett, south dakota",11
4396,"bon homme, south dakota",11
4397,"brookings, south dakota",11
4398,"brown, south dakota",11
4399,"brule, south dakota",11
4400,"buffalo, south dakota",11
4401,"butte, south dakota",11
4402,"campbell, south dakota",11
4403,"charles mix, south dakota",11
4404,"clark, south dakota",11
4405,"clay, south dakota",11
4406,"codington, south dakota",11
4407,"corson, south dakota",11
4408,"custer, south dakota",11
4409,"davison, south dakota",11
4410,"day, south dakota",11
4411,"deuel, south dakota",11
4412,"dewey, south dakota",11
4413,"douglas, south dakota",11
4414,"edmunds, south dakota",11
4415,"fall river, south dakota",11
4416,"faulk, south dakota",11
4417,"grant, south dakota",11
4418,"gregory, south dakota",11
4419,"haakon, south dakota",11
4420,"hamlin, south dakota",11
4421,"hand, south dakota",11
4422,"hanson, south dakota",11
4423,"harding, south dakota",11
4424,"hughes, south dakota",11
4425,"hutchinson, south dakota",11
4426,"hyde, south dakota",11
4427,"jackson, south dakota",11
4428,"jerauld, south dakota",11
4429,"jones, south dakota",11
4430,"kingsbury, south dakota",11
4431,"lake, south dakota",11
4432,"lawrence, south dakota",11
4433,"lincoln, south dakota",11
4434,"lyman, south dakota",11
4435,"marshall, south dakota",11
4436,"mccook, south dakota",11
4437,"mcpherson, south dakota",11
4438,"meade, south dakota",11
4439,"mellette, south dakota",11
4440,"miner, south dakota",11
4441,"minnehaha, south dakota",11
4442,"moody, south dakota",11
4443,"pennington, south dakota",11
4444,"perkins, south dakota",11
4445,"potter, south dakota",11
4446,"roberts, south dakota",11
4447,"sanborn, south dakota",11
4448,"shannon, south dakota",11
4449,"spink, south dakota",11
4450,"stanley, south dakota",11
4451,"sully, south dakota",11
4452,"todd, south dakota",11
4453,"tripp, south dakota",11
4454,"turner, south dakota",11
4455,"union, south dakota",11
4456,"walworth, south dakota",11
4457,"yankton, south dakota",11
4458,"ziebach, south dakota",11
4459,"anderson, tennessee",11
4460,"bedford, tennessee",11
4461,"benton, tennessee",11
4462,"bledsoe, tennessee",11
4463,"blount, tennessee",11
4464,"bradley, tennessee",11
4465,"campbell, tennessee",11
4466,"cannon, tennessee",11
4467,"carroll, tennessee",11
4468,"carter, tennessee",11
4469,"cheatham, tennessee",11
4470,"chester, tennessee",11
4471,"claiborne, tennessee",11
4472,"clay, tennessee",11
4473,"cocke, tennessee",11
4474,"coffee, tennessee",11
4475,"crockett, tennessee",11
4476,"cumberland, tennessee",11
4477,"davidson, tennessee",11
4478,"decatur, tennessee",11
4479,"dekalb, tennessee",11
4480,"dickson, tennessee",11
4481,"dyer, tennessee",11
4482,"fayette, tennessee",11
4483,"fentress, tennessee",11
4484,"franklin, tennessee",11
4485,"gibson, tennessee",11
4486,"giles, tennessee",11
4487,"grainger, tennessee",11
4488,"greene, tennessee",11
4489,"grundy, tennessee",11
4490,"hamblen, tennessee",11
4491,"hamilton, tennessee",11
4492,"hancock, tennessee",11
4493,"hardeman, tennessee",11
4494,"hardin, tennessee",11
4495,"hawkins, tennessee",11
4496,"haywood, tennessee",11
4497,"henderson, tennessee",11
4498,"henry, tennessee",11
4499,"hickman, tennessee",11
4500,"houston, tennessee",11
4501,"humphreys, tennessee",11
4502,"jackson, tennessee",11
4503,"jefferson, tennessee",11
4504,"johnson, tennessee",11
4505,"knox, tennessee",11
4506,"lake, tennessee",11
4507,"lauderdale, tennessee",11
4508,"lawrence, tennessee",11
4509,"lewis, tennessee",11
4510,"lincoln, tennessee",11
4511,"loudon, tennessee",11
4512,"macon, tennessee",11
4513,"madison, tennessee",11
4514,"marion, tennessee",11
4515,"marshall, tennessee",11
4516,"maury, tennessee",11
4517,"mcminn, tennessee",11
4518,"mcnairy, tennessee",11
4519,"meigs, tennessee",11
4520,"monroe, tennessee",11
4521,"montgomery, tennessee",11
4522,"moore, tennessee",11
4523,"morgan, tennessee",11
4524,"obion, tennessee",11
4525,"overton, tennessee",11
4526,"perry, tennessee",11
4527,"pickett, tennessee",11
4528,"polk, tennessee",11
4529,"putnam, tennessee",11
4530,"rhea, tennessee",11
4531,"roane, tennessee",11
4532,"robertson, tennessee",11
4533,"rutherford, tennessee",11
4534,"scott, tennessee",11
4535,"sequatchie, tennessee",11
4536,"sevier, tennessee",11
4537,"shelby, tennessee",11
4538,"smith, tennessee",11
4539,"stewart, tennessee",11
4540,"sullivan, tennessee",11
4541,"sumner, tennessee",11
4542,"tipton, tennessee",11
4543,"trousdale, tennessee",11
4544,"unicoi, tennessee",11
4545,"union, tennessee",11
4546,"van buren, tennessee",11
4547,"warren, tennessee",11
4548,"washington, tennessee",11
4549,"wayne, tennessee",11
4550,"weakley, tennessee",11
4551,"white, tennessee",11
4552,"williamson, tennessee",11
4553,"wilson, tennessee",11
4554,"anderson, texas",11
4555,"andrews, texas",11
4556,"angelina, texas",11
4557,"aransas, texas",11
4558,"archer, texas",11
4559,"armstrong, texas",11
4560,"atascosa, texas",11
4561,"austin, texas",11
4562,"bailey, texas",11
4563,"bandera, texas",11
4564,"bastrop, texas",11
4565,"baylor, texas",11
4566,"bee, texas",11
4567,"bell, texas",11
4568,"bexar, texas",11
4569,"blanco, texas",11
4570,"borden, texas",11
4571,"bosque, texas",11
4572,"bowie, texas",11
4573,"brazoria, texas",11
4574,"brazos, texas",11
4575,"brewster, texas",11
4576,"briscoe, texas",11
4577,"brooks, texas",11
4578,"brown, texas",11
4579,"burleson, texas",11
4580,"burnet, texas",11
4581,"caldwell, texas",11
4582,"calhoun, texas",11
4583,"callahan, texas",11
4584,"cameron, texas",11
4585,"camp, texas",11
4586,"carson, texas",11
4587,"cass, texas",11
4588,"castro, texas",11
4589,"chambers, texas",11
4590,"cherokee, texas",11
4591,"childress, texas",11
4592,"clay, texas",11
4593,"cochran, texas",11
4594,"coke, texas",11
4595,"coleman, texas",11
4596,"collin, texas",11
4597,"collingsworth, texas",11
4598,"colorado, texas",11
4599,"comal, texas",11
4600,"comanche, texas",11
4601,"concho, texas",11
4602,"cooke, texas",11
4603,"coryell, texas",11
4604,"cottle, texas",11
4605,"crane, texas",11
4606,"crockett, texas",11
4607,"crosby, texas",11
4608,"culberson, texas",11
4609,"dallam, texas",11
4610,"dallas, texas",11
4611,"dawson, texas",11
4612,"deaf smith, texas",11
4613,"delta, texas",11
4614,"denton, texas",11
4615,"dewitt, texas",11
4616,"dickens, texas",11
4617,"dimmit, texas",11
4618,"donley, texas",11
4619,"duval, texas",11
4620,"eastland, texas",11
4621,"ector, texas",11
4622,"edwards, texas",11
4623,"el paso, texas",11
4624,"ellis, texas",11
4625,"erath, texas",11
4626,"falls, texas",11
4627,"fannin, texas",11
4628,"fayette, texas",11
4629,"fisher, texas",11
4630,"floyd, texas",11
4631,"foard, texas",11
4632,"fort bend, texas",11
4633,"franklin, texas",11
4634,"freestone, texas",11
4635,"frio, texas",11
4636,"gaines, texas",11
4637,"galveston, texas",11
4638,"garza, texas",11
4639,"gillespie, texas",11
4640,"glasscock, texas",11
4641,"goliad, texas",11
4642,"gonzales, texas",11
4643,"gray, texas",11
4644,"grayson, texas",11
4645,"gregg, texas",11
4646,"grimes, texas",11
4647,"guadalupe, texas",11
4648,"hale, texas",11
4649,"hall, texas",11
4650,"hamilton, texas",11
4651,"hansford, texas",11
4652,"hardeman, texas",11
4653,"hardin, texas",11
4654,"harris, texas",11
4655,"harrison, texas",11
4656,"hartley, texas",11
4657,"haskell, texas",11
4658,"hays, texas",11
4659,"hemphill, texas",11
4660,"henderson, texas",11
4661,"hidalgo, texas",11
4662,"hill, texas",11
4663,"hockley, texas",11
4664,"hood, texas",11
4665,"hopkins, texas",11
4666,"houston, texas",11
4667,"howard, texas",11
4668,"hudspeth, texas",11
4669,"hunt, texas",11
4670,"hutchinson, texas",11
4671,"irion, texas",11
4672,"jack, texas",11
4673,"jackson, texas",11
4674,"jasper, texas",11
4675,"jeff davis, texas",11
4676,"jefferson, texas",11
4677,"jim hogg, texas",11
4678,"jim wells, texas",11
4679,"johnson, texas",11
4680,"jones, texas",11
4681,"karnes, texas",11
4682,"kaufman, texas",11
4683,"kendall, texas",11
4684,"kenedy, texas",11
4685,"kent, texas",11
4686,"kerr, texas",11
4687,"kimble, texas",11
4688,"king, texas",11
4689,"kinney, texas",11
4690,"kleberg, texas",11
4691,"knox, texas",11
4692,"la salle, texas",11
4693,"lamar, texas",11
4694,"lamb, texas",11
4695,"lampasas, texas",11
4696,"lavaca, texas",11
4697,"lee, texas",11
4698,"leon, texas",11
4699,"liberty, texas",11
4700,"limestone, texas",11
4701,"lipscomb, texas",11
4702,"live oak, texas",11
4703,"llano, texas",11
4704,"loving, texas",11
4705,"lubbock, texas",11
4706,"lynn, texas",11
4707,"madison, texas",11
4708,"marion, texas",11
4709,"martin, texas",11
4710,"mason, texas",11
4711,"matagorda, texas",11
4712,"maverick, texas",11
4713,"mcculloch, texas",11
4714,"mclennan, texas",11
4715,"mcmullen, texas",11
4716,"medina, texas",11
4717,"menard, texas",11
4718,"midland, texas",11
4719,"milam, texas",11
4720,"mills, texas",11
4721,"mitchell, texas",11
4722,"montague, texas",11
4723,"montgomery, texas",11
4724,"moore, texas",11
4725,"morris, texas",11
4726,"motley, texas",11
4727,"nacogdoches, texas",11
4728,"navarro, texas",11
4729,"newton, texas",11
4730,"nolan, texas",11
4731,"nueces, texas",11
4732,"ochiltree, texas",11
4733,"oldham, texas",11
4734,"orange, texas",11
4735,"palo pinto, texas",11
4736,"panola, texas",11
4737,"parker, texas",11
4738,"parmer, texas",11
4739,"pecos, texas",11
4740,"polk, texas",11
4741,"potter, texas",11
4742,"presidio, texas",11
4743,"rains, texas",11
4744,"randall, texas",11
4745,"reagan, texas",11
4746,"real, texas",11
4747,"red river, texas",11
4748,"reeves, texas",11
4749,"refugio, texas",11
4750,"roberts, texas",11
4751,"robertson, texas",11
4752,"rockwall, texas",11
4753,"runnels, texas",11
4754,"rusk, texas",11
4755,"sabine, texas",11
4756,"san augustine, texas",11
4757,"san jacinto, texas",11
4758,"san patricio, texas",11
4759,"san saba, texas",11
4760,"schleicher, texas",11
4761,"scurry, texas",11
4762,"shackelford, texas",11
4763,"shelby, texas",11
4764,"sherman, texas",11
4765,"smith, texas",11
4766,"somervell, texas",11
4767,"starr, texas",11
4768,"stephens, texas",11
4769,"sterling, texas",11
4770,"stonewall, texas",11
4771,"sutton, texas",11
4772,"swisher, texas",11
4773,"tarrant, texas",11
4774,"taylor, texas",11
4775,"terrell, texas",11
4776,"terry, texas",11
4777,"throckmorton, texas",11
4778,"titus, texas",11
4779,"tom green, texas",11
4780,"travis, texas",11
4781,"trinity, texas",11
4782,"tyler, texas",11
4783,"upshur, texas",11
4784,"upton, texas",11
4785,"uvalde, texas",11
4786,"val verde, texas",11
4787,"van zandt, texas",11
4788,"victoria, texas",11
4789,"walker, texas",11
4790,"waller, texas",11
4791,"ward, texas",11
4792,"washington, texas",11
4793,"webb, texas",11
4794,"wharton, texas",11
4795,"wheeler, texas",11
4796,"wichita, texas",11
4797,"wilbarger, texas",11
4798,"willacy, texas",11
4799,"williamson, texas",11
4800,"wilson, texas",11
4801,"winkler, texas",11
4802,"wise, texas",11
4803,"wood, texas",11
4804,"yoakum, texas",11
4805,"young, texas",11
4806,"zapata, texas",11
4807,"zavala, texas",11
4808,"beaver, utah",11
4809,"box elder, utah",11
4810,"cache, utah",11
4811,"carbon, utah",11
4812,"daggett, utah",11
4813,"davis, utah",11
4814,"duchesne, utah",11
4815,"emery, utah",11
4816,"garfield, utah",11
4817,"grand, utah",11
4818,"iron, utah",11
4819,"juab, utah",11
4820,"kane, utah",11
4821,"millard, utah",11
4822,"morgan, utah",11
4823,"piute, utah",11
4824,"rich, utah",11
4825,"salt lake, utah",11
4826,"san juan, utah",11
4827,"sanpete, utah",11
4828,"sevier, utah",11
4829,"summit, utah",11
4830,"tooele, utah",11
4831,"uintah, utah",11
4832,"utah, utah",11
4833,"wasatch, utah",11
4834,"washington, utah",11
4835,"wayne, utah",11
4836,"weber, utah",11
4837,"addison, vermont",11
4838,"bennington, vermont",11
4839,"caledonia, vermont",11
4840,"chittenden, vermont",11
4841,"essex, vermont",11
4842,"franklin, vermont",11
4843,"grand isle, vermont",11
4844,"lamoille, vermont",11
4845,"orange, vermont",11
4846,"orleans, vermont",11
4847,"rutland, vermont",11
4848,"washington, vermont",11
4849,"windham, vermont",11
4850,"windsor, vermont",11
4851,"accomack, virginia",11
4852,"albemarle, virginia",11
4853,"alexandria, virginia",11
4854,"alleghany, virginia",11
4855,"amelia, virginia",11
4856,"amherst, virginia",11
4857,"appomattox, virginia",11
4858,"arlington, virginia",11
4859,"augusta, virginia",11
4860,"bath, virginia",11
4861,"bedford, virginia",11
4862,"bland, virginia",11
4863,"botetourt, virginia",11
4864,"bristol, virginia",11
4865,"brunswick, virginia",11
4866,"buchanan, virginia",11
4867,"buckingham, virginia",11
4868,"buena vista, virginia",11
4869,"campbell, virginia",11
4870,"caroline, virginia",11
4871,"carroll, virginia",11
4872,"charles city, virginia",11
4873,"charlotte, virginia",11
4874,"charlottesville, virginia",11
4875,"chesapeake, virginia",11
4876,"chesterfield, virginia",11
4877,"clarke, virginia",11
4878,"colonial heights, virginia",11
4879,"covington, virginia",11
4880,"craig, virginia",11
4881,"culpeper, virginia",11
4882,"cumberland, virginia",11
4883,"danville, virginia",11
4884,"dickenson, virginia",11
4885,"dinwiddie, virginia",11
4886,"emporia, virginia",11
4887,"essex, virginia",11
4888,"fairfax, virginia",11
4889,"falls church, virginia",11
4890,"fauquier, virginia",11
4891,"floyd, virginia",11
4892,"fluvanna, virginia",11
4893,"franklin, virginia",11
4894,"frederick, virginia",11
4895,"fredericksburg, virginia",11
4896,"galax, virginia",11
4897,"giles, virginia",11
4898,"gloucester, virginia",11
4899,"goochland, virginia",11
4900,"grayson, virginia",11
4901,"greene, virginia",11
4902,"greensville, virginia",11
4903,"halifax, virginia",11
4904,"hampton, virginia",11
4905,"hanover, virginia",11
4906,"harrisonburg, virginia",11
4907,"henrico, virginia",11
4908,"henry, virginia",11
4909,"highland, virginia",11
4910,"hopewell, virginia",11
4911,"isle of wight, virginia",11
4912,"james city, virginia",11
4913,"king and queen, virginia",11
4914,"king george, virginia",11
4915,"king william, virginia",11
4916,"lancaster, virginia",11
4917,"lee, virginia",11
4918,"lexington, virginia",11
4919,"loudoun, virginia",11
4920,"louisa, virginia",11
4921,"lunenburg, virginia",11
4922,"lynchburg, virginia",11
4923,"madison, virginia",11
4924,"manassas park, virginia",11
4925,"manassas, virginia",11
4926,"martinsville, virginia",11
4927,"mathews, virginia",11
4928,"mecklenburg, virginia",11
4929,"middlesex, virginia",11
4930,"montgomery, virginia",11
4931,"nelson, virginia",11
4932,"new kent, virginia",11
4933,"newport news, virginia",11
4934,"norfolk, virginia",11
4935,"northampton, virginia",11
4936,"northumberland, virginia",11
4937,"norton, virginia",11
4938,"nottoway, virginia",11
4939,"orange, virginia",11
4940,"page, virginia",11
4941,"patrick, virginia",11
4942,"petersburg, virginia",11
4943,"pittsylvania, virginia",11
4944,"poquoson, virginia",11
4945,"portsmouth, virginia",11
4946,"powhatan, virginia",11
4947,"prince edward, virginia",11
4948,"prince george, virginia",11
4949,"prince william, virginia",11
4950,"pulaski, virginia",11
4951,"radford, virginia",11
4952,"rappahannock, virginia",11
4953,"richmond, virginia",11
4954,"roanoke, virginia",11
4955,"rockbridge, virginia",11
4956,"rockingham, virginia",11
4957,"russell, virginia",11
4958,"salem, virginia",11
4959,"scott, virginia",11
4960,"shenandoah, virginia",11
4961,"smyth, virginia",11
4962,"southampton, virginia",11
4963,"spotsylvania, virginia",11
4964,"stafford, virginia",11
4965,"staunton, virginia",11
4966,"suffolk, virginia",11
4967,"surry, virginia",11
4968,"sussex, virginia",11
4969,"tazewell, virginia",11
4970,"virginia beach, virginia",11
4971,"warren, virginia",11
4972,"washington, virginia",11
4973,"waynesboro, virginia",11
4974,"westmoreland, virginia",11
4975,"williamsburg, virginia",11
4976,"winchester, virginia",11
4977,"wise, virginia",11
4978,"wythe, virginia",11
4979,"york, virginia",11
4980,"adams, washington",11
4981,"asotin, washington",11
4982,"benton, washington",11
4983,"chelan, washington",11
4984,"clallam, washington",11
4985,"clark, washington",11
4986,"columbia, washington",11
4987,"cowlitz, washington",11
4988,"douglas, washington",11
4989,"ferry, washington",11
4990,"franklin, washington",11
4991,"garfield, washington",11
4992,"grant, washington",11
4993,"grays harbor, washington",11
4994,"island, washington",11
4995,"jefferson, washington",11
4996,"king, washington",11
4997,"kitsap, washington",11
4998,"kittitas, washington",11
4999,"klickitat, washington",11
5000,"lewis, washington",11
5001,"lincoln, washington",11
5002,"mason, washington",11
5003,"okanogan, washington",11
5004,"pacific, washington",11
5005,"pend oreille, washington",11
5006,"pierce, washington",11
5007,"san juan, washington",11
5008,"skagit, washington",11
5009,"skamania, washington",11
5010,"snohomish, washington",11
5011,"spokane, washington",11
5012,"stevens, washington",11
5013,"thurston, washington",11
5014,"wahkiakum, washington",11
5015,"walla walla, washington",11
5016,"whatcom, washington",11
5017,"whitman, washington",11
5018,"yakima, washington",11
5019,"barbour, west virginia",11
5020,"berkeley, west virginia",11
5021,"boone, west virginia",11
5022,"braxton, west virginia",11
5023,"brooke, west virginia",11
5024,"cabell, west virginia",11
5025,"calhoun, west virginia",11
5026,"clay, west virginia",11
5027,"doddridge, west virginia",11
5028,"fayette, west virginia",11
5029,"gilmer, west virginia",11
5030,"grant, west virginia",11
5031,"greenbrier, west virginia",11
5032,"hampshire, west virginia",11
5033,"hancock, west virginia",11
5034,"hardy, west virginia",11
5035,"harrison, west virginia",11
5036,"jackson, west virginia",11
5037,"jefferson, west virginia",11
5038,"kanawha, west virginia",11
5039,"lewis, west virginia",11
5040,"lincoln, west virginia",11
5041,"logan, west virginia",11
5042,"marion, west virginia",11
5043,"marshall, west virginia",11
5044,"mason, west virginia",11
5045,"mcdowell, west virginia",11
5046,"mercer, west virginia",11
5047,"mineral, west virginia",11
5048,"mingo, west virginia",11
5049,"monongalia, west virginia",11
5050,"monroe, west virginia",11
5051,"morgan, west virginia",11
5052,"nicholas, west virginia",11
5053,"ohio, west virginia",11
5054,"pendleton, west virginia",11
5055,"pleasants, west virginia",11
5056,"pocahontas, west virginia",11
5057,"preston, west virginia",11
5058,"putnam, west virginia",11
5059,"raleigh, west virginia",11
5060,"randolph, west virginia",11
5061,"ritchie, west virginia",11
5062,"roane, west virginia",11
5063,"summers, west virginia",11
5064,"taylor, west virginia",11
5065,"tucker, west virginia",11
5066,"tyler, west virginia",11
5067,"upshur, west virginia",11
5068,"wayne, west virginia",11
5069,"webster, west virginia",11
5070,"wetzel, west virginia",11
5071,"wirt, west virginia",11
5072,"wood, west virginia",11
5073,"wyoming, west virginia",11
5074,"adams, wisconsin",11
5075,"ashland, wisconsin",11
5076,"barron, wisconsin",11
5077,"bayfield, wisconsin",11
5078,"brown, wisconsin",11
5079,"buffalo, wisconsin",11
5080,"burnett, wisconsin",11
5081,"calumet, wisconsin",11
5082,"chippewa, wisconsin",11
5083,"clark, wisconsin",11
5084,"columbia, wisconsin",11
5085,"crawford, wisconsin",11
5086,"dane, wisconsin",11
5087,"dodge, wisconsin",11
5088,"door, wisconsin",11
5089,"douglas, wisconsin",11
5090,"dunn, wisconsin",11
5091,"eau claire, wisconsin",11
5092,"florence, wisconsin",11
5093,"fond du lac, wisconsin",11
5094,"forest, wisconsin",11
5095,"grant, wisconsin",11
5096,"green lake, wisconsin",11
5097,"green, wisconsin",11
5098,"iowa, wisconsin",11
5099,"iron, wisconsin",11
5100,"jackson, wisconsin",11
5101,"jefferson, wisconsin",11
5102,"juneau, wisconsin",11
5103,"kenosha, wisconsin",11
5104,"kewaunee, wisconsin",11
5105,"la crosse, wisconsin",11
5106,"lafayette, wisconsin",11
5107,"langlade, wisconsin",11
5108,"lincoln, wisconsin",11
5109,"manitowoc, wisconsin",11
5110,"marathon, wisconsin",11
5111,"marinette, wisconsin",11
5112,"marquette, wisconsin",11
5113,"menominee, wisconsin",11
5114,"milwaukee, wisconsin",11
5115,"monroe, wisconsin",11
5116,"oconto, wisconsin",11
5117,"oneida, wisconsin",11
5118,"outagamie, wisconsin",11
5119,"ozaukee, wisconsin",11
5120,"pepin, wisconsin",11
5121,"pierce, wisconsin",11
5122,"polk, wisconsin",11
5123,"portage, wisconsin",11
5124,"price, wisconsin",11
5125,"racine, wisconsin",11
5126,"richland, wisconsin",11
5127,"rock, wisconsin",11
5128,"rusk, wisconsin",11
5129,"sauk, wisconsin",11
5130,"sawyer, wisconsin",11
5131,"shawano, wisconsin",11
5132,"sheboygan, wisconsin",11
5133,"st. croix, wisconsin",11
5134,"taylor, wisconsin",11
5135,"trempealeau, wisconsin",11
5136,"vernon, wisconsin",11
5137,"vilas, wisconsin",11
5138,"walworth, wisconsin",11
5139,"washburn, wisconsin",11
5140,"washington, wisconsin",11
5141,"waukesha, wisconsin",11
5142,"waupaca, wisconsin",11
5143,"waushara, wisconsin",11
5144,"winnebago, wisconsin",11
5145,"wood, wisconsin",11
5146,"albany, wyoming",11
5147,"big horn, wyoming",11
5148,"campbell, wyoming",11
5149,"carbon, wyoming",11
5150,"converse, wyoming",11
5151,"crook, wyoming",11
5152,"fremont, wyoming",11
5153,"goshen, wyoming",11
5154,"hot springs, wyoming",11
5155,"johnson, wyoming",11
5156,"laramie, wyoming",11
5157,"lincoln, wyoming",11
5158,"natrona, wyoming",11
5159,"niobrara, wyoming",11
5160,"park, wyoming",11
5161,"platte, wyoming",11
5162,"sheridan, wyoming",11
5163,"sublette, wyoming",11
5164,"sweetwater, wyoming",11
5165,"teton, wyoming",11
5166,"uinta, wyoming",11
5167,"washakie, wyoming",11
5168,"weston, wyoming",11
5169,AK_agg,17
5170,AZNM_agg,17
5171,CAMX_agg,17
5172,ERCT_agg,17
5173,FRCC_agg,17
5174,HI_agg,17
5175,MRO_agg,17
5176,NEWE_agg,17
5177,NWPP_agg,17
5178,NY_agg,17
5179,RFC_agg,17
5180,RMPA_agg,17
5181,SP_agg,17
5182,SR_agg,17
5183,BCZ 1,18
5184,BCZ 2,18
5185,BCZ 3,18
5186,BCZ 4,18
5187,BCZ 5,18
5188,BCZ 6,18
5189,BCZ 7,18
5190,BCZ 8,18
5191,BCZ 9,18
5192,BCZ 10,18
5193,BCZ 11,18
5194,BCZ 12,18
5195,BCZ 13,18
5196,BCZ 14,18
5197,BCZ 15,18
5198,BCZ 16,18
5199,unspecified building climate zone,18
5200,FCZ 1,19
5201,FCZ 2,19
5202,FCZ 3,19
5203,FCZ 4,19
5204,FCZ 5,19
5205,FCZ 6,19
5206,FCZ 7,19
5207,FCZ 8,19
5208,FCZ 9,19
5209,FCZ 10,19
5210,FCZ 11,19
5211,FCZ 12,19
5212,FCZ 13,19
5213,FCZ 14,19
5214,FCZ 15,19
5215,unspecified forecast climate zone,19
5216,PG&E (gas utility),20
5217,SCG,20
5218,SDG&E (gas utility),20
5219,unspecified gas utility,20
5220,CAL REM,21
5221,MTC,21
5222,SACOG,21
5223,SANDAG,21
5224,SCAB,21
5225,SCAG REM,21
5226,SJV,21
5227,unspecified VISION Region,21
5228,unspecified CA gas utility,20
5229,unspecified CA electric utility,14
